condition,label,image
line,animate,bear_LD(1).png
line,animate,bear_LD(11).png
line,animate,bear_LD(12).png
line,animate,bear_LD(13).png
line,animate,bear_LD(15).png
line,animate,bear_LD(16).png
line,animate,bear_LD(17).png
line,animate,bear_LD(18).png
line,animate,bear_LD(19).png
line,animate,bear_LD(2).png
line,animate,bear_LD(20).png
line,animate,bear_LD(21).png
line,animate,bear_LD(22).png
line,animate,bear_LD(23).png
line,animate,bear_LD(24).png
line,animate,bear_LD(3).png
line,animate,bear_LD(4).png
line,animate,bear_LD(6).png
line,animate,bear_LD(7).png
line,animate,bear_LD(8).png
line,animate,bear_LD(9).png
line,animate,butterfly_LD(1).png
line,animate,butterfly_LD(11).png
line,animate,butterfly_LD(12).png
line,animate,butterfly_LD(13).png
line,animate,butterfly_LD(14).png
line,animate,butterfly_LD(15).png
line,animate,butterfly_LD(16).png
line,animate,butterfly_LD(18).png
line,animate,butterfly_LD(19).png
line,animate,butterfly_LD(2).png
line,animate,butterfly_LD(20).png
line,animate,butterfly_LD(21).png
line,animate,butterfly_LD(22).png
line,animate,butterfly_LD(23).png
line,animate,butterfly_LD(24).png
line,animate,butterfly_LD(25).png
line,animate,butterfly_LD(26).png
line,animate,butterfly_LD(28).png
line,animate,butterfly_LD(3).png
line,animate,butterfly_LD(30).png
line,animate,butterfly_LD(32).png
line,animate,butterfly_LD(33).png
line,animate,butterfly_LD(36).png
line,animate,butterfly_LD(38).png
line,animate,butterfly_LD(4).png
line,animate,butterfly_LD(6).png
line,animate,butterfly_LD(7).png
line,animate,butterfly_LD(8).png
line,animate,butterfly_LD(9).png
line,animate,cat_LD(1).png
line,animate,cat_LD(12).png
line,animate,cat_LD(14).png
line,animate,cat_LD(15).png
line,animate,cat_LD(16).png
line,animate,cat_LD(19).png
line,animate,cat_LD(2).png
line,animate,cat_LD(20).png
line,animate,cat_LD(26).png
line,animate,cat_LD(27).png
line,animate,cat_LD(28).png
line,animate,cat_LD(29).png
line,animate,cat_LD(3).png
line,animate,cat_LD(30).png
line,animate,cat_LD(32).png
line,animate,cat_LD(33).png
line,animate,cat_LD(34).png
line,animate,cat_LD(35).png
line,animate,cat_LD(36).png
line,animate,cat_LD(37).png
line,animate,cat_LD(38).png
line,animate,cat_LD(39).png
line,animate,cat_LD(4).png
line,animate,cat_LD(40).png
line,animate,cat_LD(42).png
line,animate,cat_LD(5).png
line,animate,cat_LD(6).png
line,animate,cat_LD(7).png
line,animate,cow_LD(1).png
line,animate,cow_LD(10).png
line,animate,cow_LD(11).png
line,animate,cow_LD(12).png
line,animate,cow_LD(13).png
line,animate,cow_LD(14).png
line,animate,cow_LD(15).png
line,animate,cow_LD(16).png
line,animate,cow_LD(17).png
line,animate,cow_LD(19).png
line,animate,cow_LD(2).png
line,animate,cow_LD(20).png
line,animate,cow_LD(21).png
line,animate,cow_LD(22).png
line,animate,cow_LD(23).png
line,animate,cow_LD(3).png
line,animate,cow_LD(5).png
line,animate,cow_LD(6).png
line,animate,cow_LD(7).png
line,animate,cow_LD(8).png
line,animate,cow_LD(9).png
line,animate,crocodile_LD(1).png
line,animate,crocodile_LD(10).png
line,animate,crocodile_LD(11).png
line,animate,crocodile_LD(12).png
line,animate,crocodile_LD(13).png
line,animate,crocodile_LD(14).png
line,animate,crocodile_LD(15).png
line,animate,crocodile_LD(16).png
line,animate,crocodile_LD(17).png
line,animate,crocodile_LD(18).png
line,animate,crocodile_LD(19).png
line,animate,crocodile_LD(2).png
line,animate,crocodile_LD(20).png
line,animate,crocodile_LD(21).png
line,animate,crocodile_LD(3).png
line,animate,crocodile_LD(4).png
line,animate,crocodile_LD(5).png
line,animate,crocodile_LD(6).png
line,animate,crocodile_LD(7).png
line,animate,crocodile_LD(8).png
line,animate,crocodile_LD(9).png
line,animate,dog_LD(1).png
line,animate,dog_LD(10).png
line,animate,dog_LD(11).png
line,animate,dog_LD(12).png
line,animate,dog_LD(13).png
line,animate,dog_LD(14).png
line,animate,dog_LD(15).png
line,animate,dog_LD(16).png
line,animate,dog_LD(17).png
line,animate,dog_LD(18).png
line,animate,dog_LD(19).png
line,animate,dog_LD(2).png
line,animate,dog_LD(20).png
line,animate,dog_LD(21).png
line,animate,dog_LD(22).png
line,animate,dog_LD(23).png
line,animate,dog_LD(24).png
line,animate,dog_LD(25).png
line,animate,dog_LD(3).png
line,animate,dog_LD(4).png
line,animate,dog_LD(5).png
line,animate,dog_LD(6).png
line,animate,dog_LD(7).png
line,animate,dog_LD(8).png
line,animate,dog_LD(9).png
line,animate,monkey_LD(1).png
line,animate,monkey_LD(11).png
line,animate,monkey_LD(12).png
line,animate,monkey_LD(13).png
line,animate,monkey_LD(14).png
line,animate,monkey_LD(15).png
line,animate,monkey_LD(17).png
line,animate,monkey_LD(18).png
line,animate,monkey_LD(19).png
line,animate,monkey_LD(2).png
line,animate,monkey_LD(20).png
line,animate,monkey_LD(21).png
line,animate,monkey_LD(22).png
line,animate,monkey_LD(3).png
line,animate,monkey_LD(4).png
line,animate,monkey_LD(5).png
line,animate,monkey_LD(7).png
line,animate,monkey_LD(9).png
line,animate,octopus_LD(1).png
line,animate,octopus_LD(10).png
line,animate,octopus_LD(11).png
line,animate,octopus_LD(13).png
line,animate,octopus_LD(14).png
line,animate,octopus_LD(15).png
line,animate,octopus_LD(16).png
line,animate,octopus_LD(17).png
line,animate,octopus_LD(18).png
line,animate,octopus_LD(19).png
line,animate,octopus_LD(2).png
line,animate,octopus_LD(20).png
line,animate,octopus_LD(22).png
line,animate,octopus_LD(23).png
line,animate,octopus_LD(24).png
line,animate,octopus_LD(25).png
line,animate,octopus_LD(26).png
line,animate,octopus_LD(27).png
line,animate,octopus_LD(28).png
line,animate,octopus_LD(29).png
line,animate,octopus_LD(3).png
line,animate,octopus_LD(30).png
line,animate,octopus_LD(31).png
line,animate,octopus_LD(4).png
line,animate,octopus_LD(5).png
line,animate,octopus_LD(6).png
line,animate,octopus_LD(7).png
line,animate,octopus_LD(8).png
line,animate,octopus_LD(9).png
line,animate,rabbit_LD(11).png
line,animate,rabbit_LD(12).png
line,animate,rabbit_LD(13).png
line,animate,rabbit_LD(14).png
line,animate,rabbit_LD(15).png
line,animate,rabbit_LD(16).png
line,animate,rabbit_LD(17).png
line,animate,rabbit_LD(18).png
line,animate,rabbit_LD(19).png
line,animate,rabbit_LD(2).png
line,animate,rabbit_LD(20).png
line,animate,rabbit_LD(21).png
line,animate,rabbit_LD(22).png
line,animate,rabbit_LD(23).png
line,animate,rabbit_LD(24).png
line,animate,rabbit_LD(25).png
line,animate,rabbit_LD(26).png
line,animate,rabbit_LD(27).png
line,animate,rabbit_LD(28).png
line,animate,rabbit_LD(31).png
line,animate,rabbit_LD(32).png
line,animate,rabbit_LD(33).png
line,animate,rabbit_LD(5).png
line,animate,rabbit_LD(7).png
line,animate,snail_LD(1).png
line,animate,snail_LD(10).png
line,animate,snail_LD(11).png
line,animate,snail_LD(12).png
line,animate,snail_LD(13).png
line,animate,snail_LD(14).png
line,animate,snail_LD(15).png
line,animate,snail_LD(16).png
line,animate,snail_LD(17).png
line,animate,snail_LD(18).png
line,animate,snail_LD(19).png
line,animate,snail_LD(2).png
line,animate,snail_LD(20).png
line,animate,snail_LD(21).png
line,animate,snail_LD(22).png
line,animate,snail_LD(23).png
line,animate,snail_LD(24).png
line,animate,snail_LD(25).png
line,animate,snail_LD(26).png
line,animate,snail_LD(27).png
line,animate,snail_LD(28).png
line,animate,snail_LD(29).png
line,animate,snail_LD(3).png
line,animate,snail_LD(4).png
line,animate,snail_LD(5).png
line,animate,snail_LD(6).png
line,animate,snail_LD(7).png
line,animate,snail_LD(8).png
line,animate,snail_LD(9).png
line,animate,turtle_LD(1).png
line,animate,turtle_LD(10).png
line,animate,turtle_LD(12).png
line,animate,turtle_LD(13).png
line,animate,turtle_LD(14).png
line,animate,turtle_LD(15).png
line,animate,turtle_LD(16).png
line,animate,turtle_LD(17).png
line,animate,turtle_LD(18).png
line,animate,turtle_LD(19).png
line,animate,turtle_LD(2).png
line,animate,turtle_LD(20).png
line,animate,turtle_LD(21).png
line,animate,turtle_LD(22).png
line,animate,turtle_LD(23).png
line,animate,turtle_LD(24).png
line,animate,turtle_LD(25).png
line,animate,turtle_LD(26).png
line,animate,turtle_LD(27).png
line,animate,turtle_LD(28).png
line,animate,turtle_LD(29).png
line,animate,turtle_LD(3).png
line,animate,turtle_LD(30).png
line,animate,turtle_LD(31).png
line,animate,turtle_LD(32).png
line,animate,turtle_LD(33).png
line,animate,turtle_LD(34).png
line,animate,turtle_LD(35).png
line,animate,turtle_LD(36).png
line,animate,turtle_LD(37).png
line,animate,turtle_LD(4).png
line,animate,turtle_LD(5).png
line,animate,turtle_LD(6).png
line,animate,turtle_LD(7).png
line,animate,turtle_LD(8).png
line,animate,turtle_LD(9).png
line,inanimate_artificial,airplane_LD(11).png
line,inanimate_artificial,airplane_LD(12).png
line,inanimate_artificial,airplane_LD(14).png
line,inanimate_artificial,airplane_LD(16).png
line,inanimate_artificial,airplane_LD(19).png
line,inanimate_artificial,airplane_LD(2).png
line,inanimate_artificial,airplane_LD(20).png
line,inanimate_artificial,airplane_LD(22).png
line,inanimate_artificial,airplane_LD(24).png
line,inanimate_artificial,airplane_LD(27).png
line,inanimate_artificial,airplane_LD(3).png
line,inanimate_artificial,airplane_LD(30).png
line,inanimate_artificial,airplane_LD(34).png
line,inanimate_artificial,airplane_LD(36).png
line,inanimate_artificial,airplane_LD(38).png
line,inanimate_artificial,airplane_LD(4).png
line,inanimate_artificial,airplane_LD(41).png
line,inanimate_artificial,airplane_LD(47).png
line,inanimate_artificial,airplane_LD(7).png
line,inanimate_artificial,bag_LD(1).png
line,inanimate_artificial,bag_LD(10).png
line,inanimate_artificial,bag_LD(11).png
line,inanimate_artificial,bag_LD(12).png
line,inanimate_artificial,bag_LD(13).png
line,inanimate_artificial,bag_LD(14).png
line,inanimate_artificial,bag_LD(15).png
line,inanimate_artificial,bag_LD(17).png
line,inanimate_artificial,bag_LD(18).png
line,inanimate_artificial,bag_LD(19).png
line,inanimate_artificial,bag_LD(20).png
line,inanimate_artificial,bag_LD(22).png
line,inanimate_artificial,bag_LD(23).png
line,inanimate_artificial,bag_LD(24).png
line,inanimate_artificial,bag_LD(27).png
line,inanimate_artificial,bag_LD(28).png
line,inanimate_artificial,bag_LD(3).png
line,inanimate_artificial,bag_LD(5).png
line,inanimate_artificial,bag_LD(6).png
line,inanimate_artificial,bag_LD(7).png
line,inanimate_artificial,bag_LD(9).png
line,inanimate_artificial,binoculars_LD(14).png
line,inanimate_artificial,binoculars_LD(18).png
line,inanimate_artificial,binoculars_LD(19).png
line,inanimate_artificial,binoculars_LD(24).png
line,inanimate_artificial,binoculars_LD(3).png
line,inanimate_artificial,binoculars_LD(30).png
line,inanimate_artificial,binoculars_LD(31).png
line,inanimate_artificial,binoculars_LD(45).png
line,inanimate_artificial,binoculars_LD(5).png
line,inanimate_artificial,binoculars_LD(7).png
line,inanimate_artificial,binoculars_LD(8).png
line,inanimate_artificial,boat_LD(1).png
line,inanimate_artificial,boat_LD(10).png
line,inanimate_artificial,boat_LD(11).png
line,inanimate_artificial,boat_LD(12).png
line,inanimate_artificial,boat_LD(13).png
line,inanimate_artificial,boat_LD(14).png
line,inanimate_artificial,boat_LD(15).png
line,inanimate_artificial,boat_LD(16).png
line,inanimate_artificial,boat_LD(18).png
line,inanimate_artificial,boat_LD(2).png
line,inanimate_artificial,boat_LD(20).png
line,inanimate_artificial,boat_LD(22).png
line,inanimate_artificial,boat_LD(23).png
line,inanimate_artificial,boat_LD(24).png
line,inanimate_artificial,boat_LD(3).png
line,inanimate_artificial,boat_LD(4).png
line,inanimate_artificial,boat_LD(7).png
line,inanimate_artificial,boat_LD(8).png
line,inanimate_artificial,boat_LD(9).png
line,inanimate_artificial,car_LD(10).png
line,inanimate_artificial,car_LD(12).png
line,inanimate_artificial,car_LD(13).png
line,inanimate_artificial,car_LD(16).png
line,inanimate_artificial,car_LD(17).png
line,inanimate_artificial,car_LD(18).png
line,inanimate_artificial,car_LD(19).png
line,inanimate_artificial,car_LD(2).png
line,inanimate_artificial,car_LD(20).png
line,inanimate_artificial,car_LD(24).png
line,inanimate_artificial,car_LD(25).png
line,inanimate_artificial,car_LD(26).png
line,inanimate_artificial,car_LD(27).png
line,inanimate_artificial,car_LD(29).png
line,inanimate_artificial,car_LD(3).png
line,inanimate_artificial,car_LD(31).png
line,inanimate_artificial,car_LD(32).png
line,inanimate_artificial,car_LD(34).png
line,inanimate_artificial,car_LD(36).png
line,inanimate_artificial,car_LD(37).png
line,inanimate_artificial,car_LD(6).png
line,inanimate_artificial,car_LD(7).png
line,inanimate_artificial,car_LD(8).png
line,inanimate_artificial,car_LD(9).png
line,inanimate_artificial,cup_LD(1).png
line,inanimate_artificial,cup_LD(10).png
line,inanimate_artificial,cup_LD(11).png
line,inanimate_artificial,cup_LD(13).png
line,inanimate_artificial,cup_LD(15).png
line,inanimate_artificial,cup_LD(17).png
line,inanimate_artificial,cup_LD(18).png
line,inanimate_artificial,cup_LD(19).png
line,inanimate_artificial,cup_LD(21).png
line,inanimate_artificial,cup_LD(22).png
line,inanimate_artificial,cup_LD(23).png
line,inanimate_artificial,cup_LD(24).png
line,inanimate_artificial,cup_LD(25).png
line,inanimate_artificial,cup_LD(26).png
line,inanimate_artificial,cup_LD(27).png
line,inanimate_artificial,cup_LD(28).png
line,inanimate_artificial,cup_LD(5).png
line,inanimate_artificial,cup_LD(6).png
line,inanimate_artificial,cup_LD(7).png
line,inanimate_artificial,cup_LD(8).png
line,inanimate_artificial,house_LD(1).png
line,inanimate_artificial,house_LD(14).png
line,inanimate_artificial,house_LD(15).png
line,inanimate_artificial,house_LD(16).png
line,inanimate_artificial,house_LD(17).png
line,inanimate_artificial,house_LD(19).png
line,inanimate_artificial,house_LD(2).png
line,inanimate_artificial,house_LD(20).png
line,inanimate_artificial,house_LD(22).png
line,inanimate_artificial,house_LD(24).png
line,inanimate_artificial,house_LD(27).png
line,inanimate_artificial,house_LD(28).png
line,inanimate_artificial,house_LD(29).png
line,inanimate_artificial,house_LD(3).png
line,inanimate_artificial,house_LD(4).png
line,inanimate_artificial,house_LD(5).png
line,inanimate_artificial,house_LD(6).png
line,inanimate_artificial,house_LD(7).png
line,inanimate_artificial,house_LD(8).png
line,inanimate_artificial,house_LD(9).png
line,inanimate_artificial,lawnmower_LD(10).png
line,inanimate_artificial,lawnmower_LD(11).png
line,inanimate_artificial,lawnmower_LD(19).png
line,inanimate_artificial,lawnmower_LD(2).png
line,inanimate_artificial,lawnmower_LD(22).png
line,inanimate_artificial,lawnmower_LD(25).png
line,inanimate_artificial,lawnmower_LD(27).png
line,inanimate_artificial,lawnmower_LD(28).png
line,inanimate_artificial,lawnmower_LD(30).png
line,inanimate_artificial,lawnmower_LD(32).png
line,inanimate_artificial,lawnmower_LD(33).png
line,inanimate_artificial,lawnmower_LD(34).png
line,inanimate_artificial,lawnmower_LD(36).png
line,inanimate_artificial,lawnmower_LD(37).png
line,inanimate_artificial,lawnmower_LD(5).png
line,inanimate_artificial,lawnmower_LD(6).png
line,inanimate_artificial,teapot_LD(1).png
line,inanimate_artificial,teapot_LD(10).png
line,inanimate_artificial,teapot_LD(11).png
line,inanimate_artificial,teapot_LD(12).png
line,inanimate_artificial,teapot_LD(13).png
line,inanimate_artificial,teapot_LD(14).png
line,inanimate_artificial,teapot_LD(15).png
line,inanimate_artificial,teapot_LD(16).png
line,inanimate_artificial,teapot_LD(17).png
line,inanimate_artificial,teapot_LD(18).png
line,inanimate_artificial,teapot_LD(19).png
line,inanimate_artificial,teapot_LD(2).png
line,inanimate_artificial,teapot_LD(20).png
line,inanimate_artificial,teapot_LD(21).png
line,inanimate_artificial,teapot_LD(22).png
line,inanimate_artificial,teapot_LD(23).png
line,inanimate_artificial,teapot_LD(24).png
line,inanimate_artificial,teapot_LD(3).png
line,inanimate_artificial,teapot_LD(4).png
line,inanimate_artificial,teapot_LD(5).png
line,inanimate_artificial,teapot_LD(6).png
line,inanimate_artificial,teapot_LD(7).png
line,inanimate_artificial,teapot_LD(8).png
line,inanimate_artificial,teapot_LD(9).png
line,inanimate_artificial,train_LD(1).png
line,inanimate_artificial,train_LD(10).png
line,inanimate_artificial,train_LD(11).png
line,inanimate_artificial,train_LD(12).png
line,inanimate_artificial,train_LD(13).png
line,inanimate_artificial,train_LD(14).png
line,inanimate_artificial,train_LD(15).png
line,inanimate_artificial,train_LD(16).png
line,inanimate_artificial,train_LD(2).png
line,inanimate_artificial,train_LD(20).png
line,inanimate_artificial,train_LD(21).png
line,inanimate_artificial,train_LD(23).png
line,inanimate_artificial,train_LD(26).png
line,inanimate_artificial,train_LD(29).png
line,inanimate_artificial,train_LD(30).png
line,inanimate_artificial,train_LD(31).png
line,inanimate_artificial,train_LD(4).png
line,inanimate_artificial,train_LD(5).png
line,inanimate_artificial,train_LD(6).png
line,inanimate_artificial,train_LD(7).png
line,inanimate_artificial,train_LD(8).png
line,inanimate_artificial,wristwatch_LD(1).png
line,inanimate_artificial,wristwatch_LD(12).png
line,inanimate_artificial,wristwatch_LD(13).png
line,inanimate_artificial,wristwatch_LD(14).png
line,inanimate_artificial,wristwatch_LD(15).png
line,inanimate_artificial,wristwatch_LD(16).png
line,inanimate_artificial,wristwatch_LD(19).png
line,inanimate_artificial,wristwatch_LD(21).png
line,inanimate_artificial,wristwatch_LD(22).png
line,inanimate_artificial,wristwatch_LD(23).png
line,inanimate_artificial,wristwatch_LD(3).png
line,inanimate_artificial,wristwatch_LD(4).png
line,inanimate_artificial,wristwatch_LD(6).png
line,inanimate_artificial,wristwatch_LD(7).png
line,inanimate_artificial,wristwatch_LD(8).png
line,inanimate_artificial,wristwatch_LD(9).png
line,inanimate_natural,apple_LD(1).png
line,inanimate_natural,apple_LD(10).png
line,inanimate_natural,apple_LD(11).png
line,inanimate_natural,apple_LD(12).png
line,inanimate_natural,apple_LD(13).png
line,inanimate_natural,apple_LD(14).png
line,inanimate_natural,apple_LD(15).png
line,inanimate_natural,apple_LD(16).png
line,inanimate_natural,apple_LD(17).png
line,inanimate_natural,apple_LD(19).png
line,inanimate_natural,apple_LD(2).png
line,inanimate_natural,apple_LD(21).png
line,inanimate_natural,apple_LD(22).png
line,inanimate_natural,apple_LD(23).png
line,inanimate_natural,apple_LD(24).png
line,inanimate_natural,apple_LD(25).png
line,inanimate_natural,apple_LD(26).png
line,inanimate_natural,apple_LD(27).png
line,inanimate_natural,apple_LD(28).png
line,inanimate_natural,apple_LD(3).png
line,inanimate_natural,apple_LD(5).png
line,inanimate_natural,apple_LD(6).png
line,inanimate_natural,apple_LD(7).png
line,inanimate_natural,apple_LD(8).png
line,inanimate_natural,apple_LD(9).png
line,inanimate_natural,avocado_LD(1).png
line,inanimate_natural,avocado_LD(10).png
line,inanimate_natural,avocado_LD(11).png
line,inanimate_natural,avocado_LD(12).png
line,inanimate_natural,avocado_LD(13).png
line,inanimate_natural,avocado_LD(14).png
line,inanimate_natural,avocado_LD(15).png
line,inanimate_natural,avocado_LD(16).png
line,inanimate_natural,avocado_LD(17).png
line,inanimate_natural,avocado_LD(18).png
line,inanimate_natural,avocado_LD(19).png
line,inanimate_natural,avocado_LD(2).png
line,inanimate_natural,avocado_LD(20).png
line,inanimate_natural,avocado_LD(21).png
line,inanimate_natural,avocado_LD(22).png
line,inanimate_natural,avocado_LD(3).png
line,inanimate_natural,avocado_LD(4).png
line,inanimate_natural,avocado_LD(5).png
line,inanimate_natural,avocado_LD(6).png
line,inanimate_natural,avocado_LD(7).png
line,inanimate_natural,avocado_LD(8).png
line,inanimate_natural,avocado_LD(9).png
line,inanimate_natural,bread_LD(1).png
line,inanimate_natural,bread_LD(10).png
line,inanimate_natural,bread_LD(12).png
line,inanimate_natural,bread_LD(13).png
line,inanimate_natural,bread_LD(15).png
line,inanimate_natural,bread_LD(17).png
line,inanimate_natural,bread_LD(2).png
line,inanimate_natural,bread_LD(24).png
line,inanimate_natural,bread_LD(25).png
line,inanimate_natural,bread_LD(26).png
line,inanimate_natural,bread_LD(27).png
line,inanimate_natural,bread_LD(28).png
line,inanimate_natural,bread_LD(29).png
line,inanimate_natural,bread_LD(3).png
line,inanimate_natural,bread_LD(30).png
line,inanimate_natural,bread_LD(31).png
line,inanimate_natural,bread_LD(32).png
line,inanimate_natural,bread_LD(33).png
line,inanimate_natural,bread_LD(34).png
line,inanimate_natural,bread_LD(35).png
line,inanimate_natural,bread_LD(37).png
line,inanimate_natural,bread_LD(38).png
line,inanimate_natural,bread_LD(39).png
line,inanimate_natural,bread_LD(40).png
line,inanimate_natural,bread_LD(44).png
line,inanimate_natural,bread_LD(45).png
line,inanimate_natural,bread_LD(46).png
line,inanimate_natural,bread_LD(47).png
line,inanimate_natural,bread_LD(5).png
line,inanimate_natural,bread_LD(50).png
line,inanimate_natural,bread_LD(7).png
line,inanimate_natural,bread_LD(8).png
line,inanimate_natural,bread_LD(9).png
line,inanimate_natural,cabbage_LD(1).png
line,inanimate_natural,cabbage_LD(10).png
line,inanimate_natural,cabbage_LD(11).png
line,inanimate_natural,cabbage_LD(12).png
line,inanimate_natural,cabbage_LD(13).png
line,inanimate_natural,cabbage_LD(14).png
line,inanimate_natural,cabbage_LD(15).png
line,inanimate_natural,cabbage_LD(16).png
line,inanimate_natural,cabbage_LD(17).png
line,inanimate_natural,cabbage_LD(19).png
line,inanimate_natural,cabbage_LD(2).png
line,inanimate_natural,cabbage_LD(20).png
line,inanimate_natural,cabbage_LD(21).png
line,inanimate_natural,cabbage_LD(23).png
line,inanimate_natural,cabbage_LD(24).png
line,inanimate_natural,cabbage_LD(3).png
line,inanimate_natural,cabbage_LD(5).png
line,inanimate_natural,cabbage_LD(6).png
line,inanimate_natural,cabbage_LD(7).png
line,inanimate_natural,cabbage_LD(8).png
line,inanimate_natural,cactus_LD(1).png
line,inanimate_natural,cactus_LD(10).png
line,inanimate_natural,cactus_LD(11).png
line,inanimate_natural,cactus_LD(13).png
line,inanimate_natural,cactus_LD(17).png
line,inanimate_natural,cactus_LD(19).png
line,inanimate_natural,cactus_LD(2).png
line,inanimate_natural,cactus_LD(22).png
line,inanimate_natural,cactus_LD(23).png
line,inanimate_natural,cactus_LD(24).png
line,inanimate_natural,cactus_LD(25).png
line,inanimate_natural,cactus_LD(27).png
line,inanimate_natural,cactus_LD(29).png
line,inanimate_natural,cactus_LD(3).png
line,inanimate_natural,cactus_LD(32).png
line,inanimate_natural,cactus_LD(4).png
line,inanimate_natural,cactus_LD(5).png
line,inanimate_natural,cactus_LD(6).png
line,inanimate_natural,cactus_LD(7).png
line,inanimate_natural,cactus_LD(8).png
line,inanimate_natural,corn_LD(1).png
line,inanimate_natural,corn_LD(10).png
line,inanimate_natural,corn_LD(11).png
line,inanimate_natural,corn_LD(12).png
line,inanimate_natural,corn_LD(13).png
line,inanimate_natural,corn_LD(14).png
line,inanimate_natural,corn_LD(16).png
line,inanimate_natural,corn_LD(17).png
line,inanimate_natural,corn_LD(18).png
line,inanimate_natural,corn_LD(19).png
line,inanimate_natural,corn_LD(2).png
line,inanimate_natural,corn_LD(20).png
line,inanimate_natural,corn_LD(3).png
line,inanimate_natural,corn_LD(4).png
line,inanimate_natural,corn_LD(5).png
line,inanimate_natural,corn_LD(6).png
line,inanimate_natural,corn_LD(7).png
line,inanimate_natural,corn_LD(8).png
line,inanimate_natural,corn_LD(9).png
line,inanimate_natural,lime_LD(1).png
line,inanimate_natural,lime_LD(10).png
line,inanimate_natural,lime_LD(11).png
line,inanimate_natural,lime_LD(12).png
line,inanimate_natural,lime_LD(13).png
line,inanimate_natural,lime_LD(14).png
line,inanimate_natural,lime_LD(15).png
line,inanimate_natural,lime_LD(16).png
line,inanimate_natural,lime_LD(17).png
line,inanimate_natural,lime_LD(18).png
line,inanimate_natural,lime_LD(19).png
line,inanimate_natural,lime_LD(2).png
line,inanimate_natural,lime_LD(20).png
line,inanimate_natural,lime_LD(21).png
line,inanimate_natural,lime_LD(22).png
line,inanimate_natural,lime_LD(23).png
line,inanimate_natural,lime_LD(24).png
line,inanimate_natural,lime_LD(3).png
line,inanimate_natural,lime_LD(4).png
line,inanimate_natural,lime_LD(5).png
line,inanimate_natural,lime_LD(6).png
line,inanimate_natural,lime_LD(7).png
line,inanimate_natural,lime_LD(8).png
line,inanimate_natural,lime_LD(9).png
line,inanimate_natural,mushroom_LD(1).png
line,inanimate_natural,mushroom_LD(10).png
line,inanimate_natural,mushroom_LD(11).png
line,inanimate_natural,mushroom_LD(13).png
line,inanimate_natural,mushroom_LD(14).png
line,inanimate_natural,mushroom_LD(15).png
line,inanimate_natural,mushroom_LD(18).png
line,inanimate_natural,mushroom_LD(19).png
line,inanimate_natural,mushroom_LD(20).png
line,inanimate_natural,mushroom_LD(21).png
line,inanimate_natural,mushroom_LD(22).png
line,inanimate_natural,mushroom_LD(24).png
line,inanimate_natural,mushroom_LD(29).png
line,inanimate_natural,mushroom_LD(3).png
line,inanimate_natural,mushroom_LD(4).png
line,inanimate_natural,mushroom_LD(5).png
line,inanimate_natural,mushroom_LD(6).png
line,inanimate_natural,mushroom_LD(7).png
line,inanimate_natural,mushroom_LD(9).png
line,inanimate_natural,pineapple_LD(1).png
line,inanimate_natural,pineapple_LD(10).png
line,inanimate_natural,pineapple_LD(11).png
line,inanimate_natural,pineapple_LD(12).png
line,inanimate_natural,pineapple_LD(13).png
line,inanimate_natural,pineapple_LD(14).png
line,inanimate_natural,pineapple_LD(16).png
line,inanimate_natural,pineapple_LD(17).png
line,inanimate_natural,pineapple_LD(18).png
line,inanimate_natural,pineapple_LD(19).png
line,inanimate_natural,pineapple_LD(2).png
line,inanimate_natural,pineapple_LD(20).png
line,inanimate_natural,pineapple_LD(21).png
line,inanimate_natural,pineapple_LD(22).png
line,inanimate_natural,pineapple_LD(24).png
line,inanimate_natural,pineapple_LD(25).png
line,inanimate_natural,pineapple_LD(26).png
line,inanimate_natural,pineapple_LD(3).png
line,inanimate_natural,pineapple_LD(4).png
line,inanimate_natural,pineapple_LD(5).png
line,inanimate_natural,pineapple_LD(6).png
line,inanimate_natural,pineapple_LD(7).png
line,inanimate_natural,pineapple_LD(8).png
line,inanimate_natural,pineapple_LD(9).png
line,inanimate_natural,pumpkin_LD(1).png
line,inanimate_natural,pumpkin_LD(10).png
line,inanimate_natural,pumpkin_LD(11).png
line,inanimate_natural,pumpkin_LD(12).png
line,inanimate_natural,pumpkin_LD(13).png
line,inanimate_natural,pumpkin_LD(14).png
line,inanimate_natural,pumpkin_LD(15).png
line,inanimate_natural,pumpkin_LD(16).png
line,inanimate_natural,pumpkin_LD(17).png
line,inanimate_natural,pumpkin_LD(18).png
line,inanimate_natural,pumpkin_LD(19).png
line,inanimate_natural,pumpkin_LD(2).png
line,inanimate_natural,pumpkin_LD(20).png
line,inanimate_natural,pumpkin_LD(21).png
line,inanimate_natural,pumpkin_LD(22).png
line,inanimate_natural,pumpkin_LD(3).png
line,inanimate_natural,pumpkin_LD(4).png
line,inanimate_natural,pumpkin_LD(5).png
line,inanimate_natural,pumpkin_LD(6).png
line,inanimate_natural,pumpkin_LD(7).png
line,inanimate_natural,pumpkin_LD(8).png
line,inanimate_natural,pumpkin_LD(9).png
line,inanimate_natural,tree_LD(1).png
line,inanimate_natural,tree_LD(10).png
line,inanimate_natural,tree_LD(11).png
line,inanimate_natural,tree_LD(12).png
line,inanimate_natural,tree_LD(13).png
line,inanimate_natural,tree_LD(14).png
line,inanimate_natural,tree_LD(15).png
line,inanimate_natural,tree_LD(16).png
line,inanimate_natural,tree_LD(17).png
line,inanimate_natural,tree_LD(18).png
line,inanimate_natural,tree_LD(19).png
line,inanimate_natural,tree_LD(2).png
line,inanimate_natural,tree_LD(20).png
line,inanimate_natural,tree_LD(21).png
line,inanimate_natural,tree_LD(22).png
line,inanimate_natural,tree_LD(23).png
line,inanimate_natural,tree_LD(24).png
line,inanimate_natural,tree_LD(3).png
line,inanimate_natural,tree_LD(4).png
line,inanimate_natural,tree_LD(5).png
line,inanimate_natural,tree_LD(6).png
line,inanimate_natural,tree_LD(7).png
line,inanimate_natural,tree_LD(8).png
line,inanimate_natural,tree_LD(9).png
natural,animate,bear_crop(1).png
natural,animate,bear_crop(11).png
natural,animate,bear_crop(12).png
natural,animate,bear_crop(13).png
natural,animate,bear_crop(15).png
natural,animate,bear_crop(16).png
natural,animate,bear_crop(17).png
natural,animate,bear_crop(18).png
natural,animate,bear_crop(19).png
natural,animate,bear_crop(2).png
natural,animate,bear_crop(20).png
natural,animate,bear_crop(21).png
natural,animate,bear_crop(22).png
natural,animate,bear_crop(23).png
natural,animate,bear_crop(24).png
natural,animate,bear_crop(3).png
natural,animate,bear_crop(4).png
natural,animate,bear_crop(6).png
natural,animate,bear_crop(7).png
natural,animate,bear_crop(8).png
natural,animate,bear_crop(9).png
natural,animate,butterfly_crop(1).png
natural,animate,butterfly_crop(11).png
natural,animate,butterfly_crop(12).png
natural,animate,butterfly_crop(13).png
natural,animate,butterfly_crop(14).png
natural,animate,butterfly_crop(15).png
natural,animate,butterfly_crop(16).png
natural,animate,butterfly_crop(18).png
natural,animate,butterfly_crop(19).png
natural,animate,butterfly_crop(2).png
natural,animate,butterfly_crop(20).png
natural,animate,butterfly_crop(21).png
natural,animate,butterfly_crop(22).png
natural,animate,butterfly_crop(23).png
natural,animate,butterfly_crop(24).png
natural,animate,butterfly_crop(25).png
natural,animate,butterfly_crop(26).png
natural,animate,butterfly_crop(28).png
natural,animate,butterfly_crop(3).png
natural,animate,butterfly_crop(30).png
natural,animate,butterfly_crop(32).png
natural,animate,butterfly_crop(33).png
natural,animate,butterfly_crop(36).png
natural,animate,butterfly_crop(38).png
natural,animate,butterfly_crop(4).png
natural,animate,butterfly_crop(6).png
natural,animate,butterfly_crop(7).png
natural,animate,butterfly_crop(8).png
natural,animate,butterfly_crop(9).png
natural,animate,cat_crop(1).png
natural,animate,cat_crop(12).png
natural,animate,cat_crop(14).png
natural,animate,cat_crop(15).png
natural,animate,cat_crop(16).png
natural,animate,cat_crop(19).png
natural,animate,cat_crop(2).png
natural,animate,cat_crop(20).png
natural,animate,cat_crop(26).png
natural,animate,cat_crop(27).png
natural,animate,cat_crop(28).png
natural,animate,cat_crop(29).png
natural,animate,cat_crop(3).png
natural,animate,cat_crop(30).png
natural,animate,cat_crop(32).png
natural,animate,cat_crop(33).png
natural,animate,cat_crop(34).png
natural,animate,cat_crop(35).png
natural,animate,cat_crop(36).png
natural,animate,cat_crop(37).png
natural,animate,cat_crop(38).png
natural,animate,cat_crop(39).png
natural,animate,cat_crop(4).png
natural,animate,cat_crop(40).png
natural,animate,cat_crop(42).png
natural,animate,cat_crop(5).png
natural,animate,cat_crop(6).png
natural,animate,cat_crop(7).png
natural,animate,cow_crop(1).png
natural,animate,cow_crop(10).png
natural,animate,cow_crop(11).png
natural,animate,cow_crop(12).png
natural,animate,cow_crop(13).png
natural,animate,cow_crop(14).png
natural,animate,cow_crop(15).png
natural,animate,cow_crop(16).png
natural,animate,cow_crop(17).png
natural,animate,cow_crop(19).png
natural,animate,cow_crop(2).png
natural,animate,cow_crop(20).png
natural,animate,cow_crop(21).png
natural,animate,cow_crop(22).png
natural,animate,cow_crop(23).png
natural,animate,cow_crop(3).png
natural,animate,cow_crop(5).png
natural,animate,cow_crop(6).png
natural,animate,cow_crop(7).png
natural,animate,cow_crop(8).png
natural,animate,cow_crop(9).png
natural,animate,crocodile_crop(1).png
natural,animate,crocodile_crop(10).png
natural,animate,crocodile_crop(11).png
natural,animate,crocodile_crop(12).png
natural,animate,crocodile_crop(13).png
natural,animate,crocodile_crop(14).png
natural,animate,crocodile_crop(15).png
natural,animate,crocodile_crop(16).png
natural,animate,crocodile_crop(17).png
natural,animate,crocodile_crop(18).png
natural,animate,crocodile_crop(19).png
natural,animate,crocodile_crop(2).png
natural,animate,crocodile_crop(20).png
natural,animate,crocodile_crop(21).png
natural,animate,crocodile_crop(3).png
natural,animate,crocodile_crop(4).png
natural,animate,crocodile_crop(5).png
natural,animate,crocodile_crop(6).png
natural,animate,crocodile_crop(7).png
natural,animate,crocodile_crop(8).png
natural,animate,crocodile_crop(9).png
natural,animate,dog_crop(1).png
natural,animate,dog_crop(10).png
natural,animate,dog_crop(11).png
natural,animate,dog_crop(12).png
natural,animate,dog_crop(13).png
natural,animate,dog_crop(14).png
natural,animate,dog_crop(15).png
natural,animate,dog_crop(16).png
natural,animate,dog_crop(17).png
natural,animate,dog_crop(18).png
natural,animate,dog_crop(19).png
natural,animate,dog_crop(2).png
natural,animate,dog_crop(20).png
natural,animate,dog_crop(21).png
natural,animate,dog_crop(22).png
natural,animate,dog_crop(23).png
natural,animate,dog_crop(24).png
natural,animate,dog_crop(25).png
natural,animate,dog_crop(3).png
natural,animate,dog_crop(4).png
natural,animate,dog_crop(5).png
natural,animate,dog_crop(6).png
natural,animate,dog_crop(7).png
natural,animate,dog_crop(8).png
natural,animate,dog_crop(9).png
natural,animate,monkey_crop(1).png
natural,animate,monkey_crop(11).png
natural,animate,monkey_crop(12).png
natural,animate,monkey_crop(13).png
natural,animate,monkey_crop(14).png
natural,animate,monkey_crop(15).png
natural,animate,monkey_crop(17).png
natural,animate,monkey_crop(18).png
natural,animate,monkey_crop(19).png
natural,animate,monkey_crop(2).png
natural,animate,monkey_crop(20).png
natural,animate,monkey_crop(21).png
natural,animate,monkey_crop(22).png
natural,animate,monkey_crop(3).png
natural,animate,monkey_crop(4).png
natural,animate,monkey_crop(5).png
natural,animate,monkey_crop(7).png
natural,animate,monkey_crop(9).png
natural,animate,octopus_crop(1).png
natural,animate,octopus_crop(10).png
natural,animate,octopus_crop(11).png
natural,animate,octopus_crop(13).png
natural,animate,octopus_crop(14).png
natural,animate,octopus_crop(15).png
natural,animate,octopus_crop(16).png
natural,animate,octopus_crop(17).png
natural,animate,octopus_crop(18).png
natural,animate,octopus_crop(19).png
natural,animate,octopus_crop(2).png
natural,animate,octopus_crop(20).png
natural,animate,octopus_crop(22).png
natural,animate,octopus_crop(23).png
natural,animate,octopus_crop(24).png
natural,animate,octopus_crop(25).png
natural,animate,octopus_crop(26).png
natural,animate,octopus_crop(27).png
natural,animate,octopus_crop(28).png
natural,animate,octopus_crop(29).png
natural,animate,octopus_crop(3).png
natural,animate,octopus_crop(30).png
natural,animate,octopus_crop(31).png
natural,animate,octopus_crop(4).png
natural,animate,octopus_crop(5).png
natural,animate,octopus_crop(6).png
natural,animate,octopus_crop(7).png
natural,animate,octopus_crop(8).png
natural,animate,octopus_crop(9).png
natural,animate,rabbit_crop(11).png
natural,animate,rabbit_crop(12).png
natural,animate,rabbit_crop(13).png
natural,animate,rabbit_crop(14).png
natural,animate,rabbit_crop(15).png
natural,animate,rabbit_crop(16).png
natural,animate,rabbit_crop(17).png
natural,animate,rabbit_crop(18).png
natural,animate,rabbit_crop(19).png
natural,animate,rabbit_crop(2).png
natural,animate,rabbit_crop(20).png
natural,animate,rabbit_crop(21).png
natural,animate,rabbit_crop(22).png
natural,animate,rabbit_crop(23).png
natural,animate,rabbit_crop(24).png
natural,animate,rabbit_crop(25).png
natural,animate,rabbit_crop(26).png
natural,animate,rabbit_crop(27).png
natural,animate,rabbit_crop(28).png
natural,animate,rabbit_crop(31).png
natural,animate,rabbit_crop(32).png
natural,animate,rabbit_crop(33).png
natural,animate,rabbit_crop(5).png
natural,animate,rabbit_crop(7).png
natural,animate,snail_crop(1).png
natural,animate,snail_crop(10).png
natural,animate,snail_crop(11).png
natural,animate,snail_crop(12).png
natural,animate,snail_crop(13).png
natural,animate,snail_crop(14).png
natural,animate,snail_crop(15).png
natural,animate,snail_crop(16).png
natural,animate,snail_crop(17).png
natural,animate,snail_crop(18).png
natural,animate,snail_crop(19).png
natural,animate,snail_crop(2).png
natural,animate,snail_crop(20).png
natural,animate,snail_crop(21).png
natural,animate,snail_crop(22).png
natural,animate,snail_crop(23).png
natural,animate,snail_crop(24).png
natural,animate,snail_crop(25).png
natural,animate,snail_crop(26).png
natural,animate,snail_crop(27).png
natural,animate,snail_crop(28).png
natural,animate,snail_crop(29).png
natural,animate,snail_crop(3).png
natural,animate,snail_crop(4).png
natural,animate,snail_crop(5).png
natural,animate,snail_crop(6).png
natural,animate,snail_crop(7).png
natural,animate,snail_crop(8).png
natural,animate,snail_crop(9).png
natural,animate,turtle_crop(1).png
natural,animate,turtle_crop(10).png
natural,animate,turtle_crop(12).png
natural,animate,turtle_crop(13).png
natural,animate,turtle_crop(14).png
natural,animate,turtle_crop(15).png
natural,animate,turtle_crop(16).png
natural,animate,turtle_crop(17).png
natural,animate,turtle_crop(18).png
natural,animate,turtle_crop(19).png
natural,animate,turtle_crop(2).png
natural,animate,turtle_crop(20).png
natural,animate,turtle_crop(21).png
natural,animate,turtle_crop(22).png
natural,animate,turtle_crop(23).png
natural,animate,turtle_crop(24).png
natural,animate,turtle_crop(25).png
natural,animate,turtle_crop(26).png
natural,animate,turtle_crop(27).png
natural,animate,turtle_crop(28).png
natural,animate,turtle_crop(29).png
natural,animate,turtle_crop(3).png
natural,animate,turtle_crop(30).png
natural,animate,turtle_crop(31).png
natural,animate,turtle_crop(32).png
natural,animate,turtle_crop(33).png
natural,animate,turtle_crop(34).png
natural,animate,turtle_crop(35).png
natural,animate,turtle_crop(36).png
natural,animate,turtle_crop(37).png
natural,animate,turtle_crop(4).png
natural,animate,turtle_crop(5).png
natural,animate,turtle_crop(6).png
natural,animate,turtle_crop(7).png
natural,animate,turtle_crop(8).png
natural,animate,turtle_crop(9).png
natural,inanimate_artificial,airplane_crop(11).png
natural,inanimate_artificial,airplane_crop(12).png
natural,inanimate_artificial,airplane_crop(14).png
natural,inanimate_artificial,airplane_crop(16).png
natural,inanimate_artificial,airplane_crop(19).png
natural,inanimate_artificial,airplane_crop(2).png
natural,inanimate_artificial,airplane_crop(20).png
natural,inanimate_artificial,airplane_crop(22).png
natural,inanimate_artificial,airplane_crop(24).png
natural,inanimate_artificial,airplane_crop(27).png
natural,inanimate_artificial,airplane_crop(3).png
natural,inanimate_artificial,airplane_crop(30).png
natural,inanimate_artificial,airplane_crop(34).png
natural,inanimate_artificial,airplane_crop(36).png
natural,inanimate_artificial,airplane_crop(38).png
natural,inanimate_artificial,airplane_crop(4).png
natural,inanimate_artificial,airplane_crop(41).png
natural,inanimate_artificial,airplane_crop(47).png
natural,inanimate_artificial,airplane_crop(7).png
natural,inanimate_artificial,bag_crop(1).png
natural,inanimate_artificial,bag_crop(10).png
natural,inanimate_artificial,bag_crop(11).png
natural,inanimate_artificial,bag_crop(12).png
natural,inanimate_artificial,bag_crop(13).png
natural,inanimate_artificial,bag_crop(14).png
natural,inanimate_artificial,bag_crop(15).png
natural,inanimate_artificial,bag_crop(17).png
natural,inanimate_artificial,bag_crop(18).png
natural,inanimate_artificial,bag_crop(19).png
natural,inanimate_artificial,bag_crop(20).png
natural,inanimate_artificial,bag_crop(22).png
natural,inanimate_artificial,bag_crop(23).png
natural,inanimate_artificial,bag_crop(24).png
natural,inanimate_artificial,bag_crop(27).png
natural,inanimate_artificial,bag_crop(28).png
natural,inanimate_artificial,bag_crop(3).png
natural,inanimate_artificial,bag_crop(5).png
natural,inanimate_artificial,bag_crop(6).png
natural,inanimate_artificial,bag_crop(7).png
natural,inanimate_artificial,bag_crop(9).png
natural,inanimate_artificial,binoculars_crop(14).png
natural,inanimate_artificial,binoculars_crop(18).png
natural,inanimate_artificial,binoculars_crop(19).png
natural,inanimate_artificial,binoculars_crop(24).png
natural,inanimate_artificial,binoculars_crop(3).png
natural,inanimate_artificial,binoculars_crop(30).png
natural,inanimate_artificial,binoculars_crop(31).png
natural,inanimate_artificial,binoculars_crop(45).png
natural,inanimate_artificial,binoculars_crop(5).png
natural,inanimate_artificial,binoculars_crop(7).png
natural,inanimate_artificial,binoculars_crop(8).png
natural,inanimate_artificial,boat_crop(1).png
natural,inanimate_artificial,boat_crop(10).png
natural,inanimate_artificial,boat_crop(11).png
natural,inanimate_artificial,boat_crop(12).png
natural,inanimate_artificial,boat_crop(13).png
natural,inanimate_artificial,boat_crop(14).png
natural,inanimate_artificial,boat_crop(15).png
natural,inanimate_artificial,boat_crop(16).png
natural,inanimate_artificial,boat_crop(18).png
natural,inanimate_artificial,boat_crop(2).png
natural,inanimate_artificial,boat_crop(20).png
natural,inanimate_artificial,boat_crop(22).png
natural,inanimate_artificial,boat_crop(23).png
natural,inanimate_artificial,boat_crop(24).png
natural,inanimate_artificial,boat_crop(3).png
natural,inanimate_artificial,boat_crop(4).png
natural,inanimate_artificial,boat_crop(7).png
natural,inanimate_artificial,boat_crop(8).png
natural,inanimate_artificial,boat_crop(9).png
natural,inanimate_artificial,car_crop(10).png
natural,inanimate_artificial,car_crop(12).png
natural,inanimate_artificial,car_crop(13).png
natural,inanimate_artificial,car_crop(16).png
natural,inanimate_artificial,car_crop(17).png
natural,inanimate_artificial,car_crop(18).png
natural,inanimate_artificial,car_crop(19).png
natural,inanimate_artificial,car_crop(2).png
natural,inanimate_artificial,car_crop(20).png
natural,inanimate_artificial,car_crop(24).png
natural,inanimate_artificial,car_crop(25).png
natural,inanimate_artificial,car_crop(26).png
natural,inanimate_artificial,car_crop(27).png
natural,inanimate_artificial,car_crop(29).png
natural,inanimate_artificial,car_crop(3).png
natural,inanimate_artificial,car_crop(31).png
natural,inanimate_artificial,car_crop(32).png
natural,inanimate_artificial,car_crop(34).png
natural,inanimate_artificial,car_crop(36).png
natural,inanimate_artificial,car_crop(37).png
natural,inanimate_artificial,car_crop(6).png
natural,inanimate_artificial,car_crop(7).png
natural,inanimate_artificial,car_crop(8).png
natural,inanimate_artificial,car_crop(9).png
natural,inanimate_artificial,cup_crop(1).png
natural,inanimate_artificial,cup_crop(10).png
natural,inanimate_artificial,cup_crop(11).png
natural,inanimate_artificial,cup_crop(13).png
natural,inanimate_artificial,cup_crop(15).png
natural,inanimate_artificial,cup_crop(17).png
natural,inanimate_artificial,cup_crop(18).png
natural,inanimate_artificial,cup_crop(19).png
natural,inanimate_artificial,cup_crop(21).png
natural,inanimate_artificial,cup_crop(22).png
natural,inanimate_artificial,cup_crop(23).png
natural,inanimate_artificial,cup_crop(24).png
natural,inanimate_artificial,cup_crop(25).png
natural,inanimate_artificial,cup_crop(26).png
natural,inanimate_artificial,cup_crop(27).png
natural,inanimate_artificial,cup_crop(28).png
natural,inanimate_artificial,cup_crop(5).png
natural,inanimate_artificial,cup_crop(6).png
natural,inanimate_artificial,cup_crop(7).png
natural,inanimate_artificial,cup_crop(8).png
natural,inanimate_artificial,house_crop(1).png
natural,inanimate_artificial,house_crop(14).png
natural,inanimate_artificial,house_crop(15).png
natural,inanimate_artificial,house_crop(16).png
natural,inanimate_artificial,house_crop(17).png
natural,inanimate_artificial,house_crop(19).png
natural,inanimate_artificial,house_crop(2).png
natural,inanimate_artificial,house_crop(20).png
natural,inanimate_artificial,house_crop(22).png
natural,inanimate_artificial,house_crop(24).png
natural,inanimate_artificial,house_crop(27).png
natural,inanimate_artificial,house_crop(28).png
natural,inanimate_artificial,house_crop(29).png
natural,inanimate_artificial,house_crop(3).png
natural,inanimate_artificial,house_crop(4).png
natural,inanimate_artificial,house_crop(5).png
natural,inanimate_artificial,house_crop(6).png
natural,inanimate_artificial,house_crop(7).png
natural,inanimate_artificial,house_crop(8).png
natural,inanimate_artificial,house_crop(9).png
natural,inanimate_artificial,lawnmower_crop(10).png
natural,inanimate_artificial,lawnmower_crop(11).png
natural,inanimate_artificial,lawnmower_crop(19).png
natural,inanimate_artificial,lawnmower_crop(2).png
natural,inanimate_artificial,lawnmower_crop(22).png
natural,inanimate_artificial,lawnmower_crop(25).png
natural,inanimate_artificial,lawnmower_crop(27).png
natural,inanimate_artificial,lawnmower_crop(28).png
natural,inanimate_artificial,lawnmower_crop(30).png
natural,inanimate_artificial,lawnmower_crop(32).png
natural,inanimate_artificial,lawnmower_crop(33).png
natural,inanimate_artificial,lawnmower_crop(34).png
natural,inanimate_artificial,lawnmower_crop(36).png
natural,inanimate_artificial,lawnmower_crop(37).png
natural,inanimate_artificial,lawnmower_crop(5).png
natural,inanimate_artificial,lawnmower_crop(6).png
natural,inanimate_artificial,teapot_crop(1).png
natural,inanimate_artificial,teapot_crop(10).png
natural,inanimate_artificial,teapot_crop(11).png
natural,inanimate_artificial,teapot_crop(12).png
natural,inanimate_artificial,teapot_crop(13).png
natural,inanimate_artificial,teapot_crop(14).png
natural,inanimate_artificial,teapot_crop(15).png
natural,inanimate_artificial,teapot_crop(16).png
natural,inanimate_artificial,teapot_crop(17).png
natural,inanimate_artificial,teapot_crop(18).png
natural,inanimate_artificial,teapot_crop(19).png
natural,inanimate_artificial,teapot_crop(2).png
natural,inanimate_artificial,teapot_crop(20).png
natural,inanimate_artificial,teapot_crop(21).png
natural,inanimate_artificial,teapot_crop(22).png
natural,inanimate_artificial,teapot_crop(23).png
natural,inanimate_artificial,teapot_crop(24).png
natural,inanimate_artificial,teapot_crop(3).png
natural,inanimate_artificial,teapot_crop(4).png
natural,inanimate_artificial,teapot_crop(5).png
natural,inanimate_artificial,teapot_crop(6).png
natural,inanimate_artificial,teapot_crop(7).png
natural,inanimate_artificial,teapot_crop(8).png
natural,inanimate_artificial,teapot_crop(9).png
natural,inanimate_artificial,train_crop(1).png
natural,inanimate_artificial,train_crop(10).png
natural,inanimate_artificial,train_crop(11).png
natural,inanimate_artificial,train_crop(12).png
natural,inanimate_artificial,train_crop(13).png
natural,inanimate_artificial,train_crop(14).png
natural,inanimate_artificial,train_crop(15).png
natural,inanimate_artificial,train_crop(16).png
natural,inanimate_artificial,train_crop(2).png
natural,inanimate_artificial,train_crop(20).png
natural,inanimate_artificial,train_crop(21).png
natural,inanimate_artificial,train_crop(23).png
natural,inanimate_artificial,train_crop(26).png
natural,inanimate_artificial,train_crop(29).png
natural,inanimate_artificial,train_crop(30).png
natural,inanimate_artificial,train_crop(31).png
natural,inanimate_artificial,train_crop(4).png
natural,inanimate_artificial,train_crop(5).png
natural,inanimate_artificial,train_crop(6).png
natural,inanimate_artificial,train_crop(7).png
natural,inanimate_artificial,train_crop(8).png
natural,inanimate_artificial,wristwatch_crop(1).png
natural,inanimate_artificial,wristwatch_crop(12).png
natural,inanimate_artificial,wristwatch_crop(13).png
natural,inanimate_artificial,wristwatch_crop(14).png
natural,inanimate_artificial,wristwatch_crop(15).png
natural,inanimate_artificial,wristwatch_crop(16).png
natural,inanimate_artificial,wristwatch_crop(19).png
natural,inanimate_artificial,wristwatch_crop(21).png
natural,inanimate_artificial,wristwatch_crop(22).png
natural,inanimate_artificial,wristwatch_crop(23).png
natural,inanimate_artificial,wristwatch_crop(3).png
natural,inanimate_artificial,wristwatch_crop(4).png
natural,inanimate_artificial,wristwatch_crop(6).png
natural,inanimate_artificial,wristwatch_crop(7).png
natural,inanimate_artificial,wristwatch_crop(8).png
natural,inanimate_artificial,wristwatch_crop(9).png
natural,inanimate_natural,apple_crop(1).png
natural,inanimate_natural,apple_crop(10).png
natural,inanimate_natural,apple_crop(11).png
natural,inanimate_natural,apple_crop(12).png
natural,inanimate_natural,apple_crop(13).png
natural,inanimate_natural,apple_crop(14).png
natural,inanimate_natural,apple_crop(15).png
natural,inanimate_natural,apple_crop(16).png
natural,inanimate_natural,apple_crop(17).png
natural,inanimate_natural,apple_crop(19).png
natural,inanimate_natural,apple_crop(2).png
natural,inanimate_natural,apple_crop(21).png
natural,inanimate_natural,apple_crop(22).png
natural,inanimate_natural,apple_crop(23).png
natural,inanimate_natural,apple_crop(24).png
natural,inanimate_natural,apple_crop(25).png
natural,inanimate_natural,apple_crop(26).png
natural,inanimate_natural,apple_crop(27).png
natural,inanimate_natural,apple_crop(28).png
natural,inanimate_natural,apple_crop(3).png
natural,inanimate_natural,apple_crop(5).png
natural,inanimate_natural,apple_crop(6).png
natural,inanimate_natural,apple_crop(7).png
natural,inanimate_natural,apple_crop(8).png
natural,inanimate_natural,apple_crop(9).png
natural,inanimate_natural,avocado_crop(1).png
natural,inanimate_natural,avocado_crop(10).png
natural,inanimate_natural,avocado_crop(11).png
natural,inanimate_natural,avocado_crop(12).png
natural,inanimate_natural,avocado_crop(13).png
natural,inanimate_natural,avocado_crop(14).png
natural,inanimate_natural,avocado_crop(15).png
natural,inanimate_natural,avocado_crop(16).png
natural,inanimate_natural,avocado_crop(17).png
natural,inanimate_natural,avocado_crop(18).png
natural,inanimate_natural,avocado_crop(19).png
natural,inanimate_natural,avocado_crop(2).png
natural,inanimate_natural,avocado_crop(20).png
natural,inanimate_natural,avocado_crop(21).png
natural,inanimate_natural,avocado_crop(22).png
natural,inanimate_natural,avocado_crop(3).png
natural,inanimate_natural,avocado_crop(4).png
natural,inanimate_natural,avocado_crop(5).png
natural,inanimate_natural,avocado_crop(6).png
natural,inanimate_natural,avocado_crop(7).png
natural,inanimate_natural,avocado_crop(8).png
natural,inanimate_natural,avocado_crop(9).png
natural,inanimate_natural,bread_crop(1).png
natural,inanimate_natural,bread_crop(10).png
natural,inanimate_natural,bread_crop(12).png
natural,inanimate_natural,bread_crop(13).png
natural,inanimate_natural,bread_crop(15).png
natural,inanimate_natural,bread_crop(17).png
natural,inanimate_natural,bread_crop(2).png
natural,inanimate_natural,bread_crop(24).png
natural,inanimate_natural,bread_crop(25).png
natural,inanimate_natural,bread_crop(26).png
natural,inanimate_natural,bread_crop(27).png
natural,inanimate_natural,bread_crop(28).png
natural,inanimate_natural,bread_crop(29).png
natural,inanimate_natural,bread_crop(3).png
natural,inanimate_natural,bread_crop(30).png
natural,inanimate_natural,bread_crop(31).png
natural,inanimate_natural,bread_crop(32).png
natural,inanimate_natural,bread_crop(33).png
natural,inanimate_natural,bread_crop(34).png
natural,inanimate_natural,bread_crop(35).png
natural,inanimate_natural,bread_crop(37).png
natural,inanimate_natural,bread_crop(38).png
natural,inanimate_natural,bread_crop(39).png
natural,inanimate_natural,bread_crop(40).png
natural,inanimate_natural,bread_crop(44).png
natural,inanimate_natural,bread_crop(45).png
natural,inanimate_natural,bread_crop(46).png
natural,inanimate_natural,bread_crop(47).png
natural,inanimate_natural,bread_crop(5).png
natural,inanimate_natural,bread_crop(50).png
natural,inanimate_natural,bread_crop(7).png
natural,inanimate_natural,bread_crop(8).png
natural,inanimate_natural,bread_crop(9).png
natural,inanimate_natural,cabbage_crop(1).png
natural,inanimate_natural,cabbage_crop(10).png
natural,inanimate_natural,cabbage_crop(11).png
natural,inanimate_natural,cabbage_crop(12).png
natural,inanimate_natural,cabbage_crop(13).png
natural,inanimate_natural,cabbage_crop(14).png
natural,inanimate_natural,cabbage_crop(15).png
natural,inanimate_natural,cabbage_crop(16).png
natural,inanimate_natural,cabbage_crop(17).png
natural,inanimate_natural,cabbage_crop(19).png
natural,inanimate_natural,cabbage_crop(2).png
natural,inanimate_natural,cabbage_crop(20).png
natural,inanimate_natural,cabbage_crop(21).png
natural,inanimate_natural,cabbage_crop(23).png
natural,inanimate_natural,cabbage_crop(24).png
natural,inanimate_natural,cabbage_crop(3).png
natural,inanimate_natural,cabbage_crop(5).png
natural,inanimate_natural,cabbage_crop(6).png
natural,inanimate_natural,cabbage_crop(7).png
natural,inanimate_natural,cabbage_crop(8).png
natural,inanimate_natural,cactus_crop(1).png
natural,inanimate_natural,cactus_crop(10).png
natural,inanimate_natural,cactus_crop(11).png
natural,inanimate_natural,cactus_crop(13).png
natural,inanimate_natural,cactus_crop(17).png
natural,inanimate_natural,cactus_crop(19).png
natural,inanimate_natural,cactus_crop(2).png
natural,inanimate_natural,cactus_crop(22).png
natural,inanimate_natural,cactus_crop(23).png
natural,inanimate_natural,cactus_crop(24).png
natural,inanimate_natural,cactus_crop(25).png
natural,inanimate_natural,cactus_crop(27).png
natural,inanimate_natural,cactus_crop(29).png
natural,inanimate_natural,cactus_crop(3).png
natural,inanimate_natural,cactus_crop(32).png
natural,inanimate_natural,cactus_crop(4).png
natural,inanimate_natural,cactus_crop(5).png
natural,inanimate_natural,cactus_crop(6).png
natural,inanimate_natural,cactus_crop(7).png
natural,inanimate_natural,cactus_crop(8).png
natural,inanimate_natural,corn_crop(1).png
natural,inanimate_natural,corn_crop(10).png
natural,inanimate_natural,corn_crop(11).png
natural,inanimate_natural,corn_crop(12).png
natural,inanimate_natural,corn_crop(13).png
natural,inanimate_natural,corn_crop(14).png
natural,inanimate_natural,corn_crop(16).png
natural,inanimate_natural,corn_crop(17).png
natural,inanimate_natural,corn_crop(18).png
natural,inanimate_natural,corn_crop(19).png
natural,inanimate_natural,corn_crop(2).png
natural,inanimate_natural,corn_crop(20).png
natural,inanimate_natural,corn_crop(3).png
natural,inanimate_natural,corn_crop(4).png
natural,inanimate_natural,corn_crop(5).png
natural,inanimate_natural,corn_crop(6).png
natural,inanimate_natural,corn_crop(7).png
natural,inanimate_natural,corn_crop(8).png
natural,inanimate_natural,corn_crop(9).png
natural,inanimate_natural,lime_crop(1).png
natural,inanimate_natural,lime_crop(10).png
natural,inanimate_natural,lime_crop(11).png
natural,inanimate_natural,lime_crop(12).png
natural,inanimate_natural,lime_crop(13).png
natural,inanimate_natural,lime_crop(14).png
natural,inanimate_natural,lime_crop(15).png
natural,inanimate_natural,lime_crop(16).png
natural,inanimate_natural,lime_crop(17).png
natural,inanimate_natural,lime_crop(18).png
natural,inanimate_natural,lime_crop(19).png
natural,inanimate_natural,lime_crop(2).png
natural,inanimate_natural,lime_crop(20).png
natural,inanimate_natural,lime_crop(21).png
natural,inanimate_natural,lime_crop(22).png
natural,inanimate_natural,lime_crop(23).png
natural,inanimate_natural,lime_crop(24).png
natural,inanimate_natural,lime_crop(3).png
natural,inanimate_natural,lime_crop(4).png
natural,inanimate_natural,lime_crop(5).png
natural,inanimate_natural,lime_crop(6).png
natural,inanimate_natural,lime_crop(7).png
natural,inanimate_natural,lime_crop(8).png
natural,inanimate_natural,lime_crop(9).png
natural,inanimate_natural,mushroom_crop(1).png
natural,inanimate_natural,mushroom_crop(10).png
natural,inanimate_natural,mushroom_crop(11).png
natural,inanimate_natural,mushroom_crop(13).png
natural,inanimate_natural,mushroom_crop(14).png
natural,inanimate_natural,mushroom_crop(15).png
natural,inanimate_natural,mushroom_crop(18).png
natural,inanimate_natural,mushroom_crop(19).png
natural,inanimate_natural,mushroom_crop(20).png
natural,inanimate_natural,mushroom_crop(21).png
natural,inanimate_natural,mushroom_crop(22).png
natural,inanimate_natural,mushroom_crop(24).png
natural,inanimate_natural,mushroom_crop(29).png
natural,inanimate_natural,mushroom_crop(3).png
natural,inanimate_natural,mushroom_crop(4).png
natural,inanimate_natural,mushroom_crop(5).png
natural,inanimate_natural,mushroom_crop(6).png
natural,inanimate_natural,mushroom_crop(7).png
natural,inanimate_natural,mushroom_crop(9).png
natural,inanimate_natural,pineapple_crop(1).png
natural,inanimate_natural,pineapple_crop(10).png
natural,inanimate_natural,pineapple_crop(11).png
natural,inanimate_natural,pineapple_crop(12).png
natural,inanimate_natural,pineapple_crop(13).png
natural,inanimate_natural,pineapple_crop(14).png
natural,inanimate_natural,pineapple_crop(16).png
natural,inanimate_natural,pineapple_crop(17).png
natural,inanimate_natural,pineapple_crop(18).png
natural,inanimate_natural,pineapple_crop(19).png
natural,inanimate_natural,pineapple_crop(2).png
natural,inanimate_natural,pineapple_crop(20).png
natural,inanimate_natural,pineapple_crop(21).png
natural,inanimate_natural,pineapple_crop(22).png
natural,inanimate_natural,pineapple_crop(24).png
natural,inanimate_natural,pineapple_crop(25).png
natural,inanimate_natural,pineapple_crop(26).png
natural,inanimate_natural,pineapple_crop(3).png
natural,inanimate_natural,pineapple_crop(4).png
natural,inanimate_natural,pineapple_crop(5).png
natural,inanimate_natural,pineapple_crop(6).png
natural,inanimate_natural,pineapple_crop(7).png
natural,inanimate_natural,pineapple_crop(8).png
natural,inanimate_natural,pineapple_crop(9).png
natural,inanimate_natural,pumpkin_crop(1).png
natural,inanimate_natural,pumpkin_crop(10).png
natural,inanimate_natural,pumpkin_crop(11).png
natural,inanimate_natural,pumpkin_crop(12).png
natural,inanimate_natural,pumpkin_crop(13).png
natural,inanimate_natural,pumpkin_crop(14).png
natural,inanimate_natural,pumpkin_crop(15).png
natural,inanimate_natural,pumpkin_crop(16).png
natural,inanimate_natural,pumpkin_crop(17).png
natural,inanimate_natural,pumpkin_crop(18).png
natural,inanimate_natural,pumpkin_crop(19).png
natural,inanimate_natural,pumpkin_crop(2).png
natural,inanimate_natural,pumpkin_crop(20).png
natural,inanimate_natural,pumpkin_crop(21).png
natural,inanimate_natural,pumpkin_crop(22).png
natural,inanimate_natural,pumpkin_crop(3).png
natural,inanimate_natural,pumpkin_crop(4).png
natural,inanimate_natural,pumpkin_crop(5).png
natural,inanimate_natural,pumpkin_crop(6).png
natural,inanimate_natural,pumpkin_crop(7).png
natural,inanimate_natural,pumpkin_crop(8).png
natural,inanimate_natural,pumpkin_crop(9).png
natural,inanimate_natural,tree_crop(1).png
natural,inanimate_natural,tree_crop(10).png
natural,inanimate_natural,tree_crop(11).png
natural,inanimate_natural,tree_crop(12).png
natural,inanimate_natural,tree_crop(13).png
natural,inanimate_natural,tree_crop(14).png
natural,inanimate_natural,tree_crop(15).png
natural,inanimate_natural,tree_crop(16).png
natural,inanimate_natural,tree_crop(17).png
natural,inanimate_natural,tree_crop(18).png
natural,inanimate_natural,tree_crop(19).png
natural,inanimate_natural,tree_crop(2).png
natural,inanimate_natural,tree_crop(20).png
natural,inanimate_natural,tree_crop(21).png
natural,inanimate_natural,tree_crop(22).png
natural,inanimate_natural,tree_crop(23).png
natural,inanimate_natural,tree_crop(24).png
natural,inanimate_natural,tree_crop(3).png
natural,inanimate_natural,tree_crop(4).png
natural,inanimate_natural,tree_crop(5).png
natural,inanimate_natural,tree_crop(6).png
natural,inanimate_natural,tree_crop(7).png
natural,inanimate_natural,tree_crop(8).png
natural,inanimate_natural,tree_crop(9).png
scramble,animate,bear_scr(1).png
scramble,animate,bear_scr(11).png
scramble,animate,bear_scr(12).png
scramble,animate,bear_scr(13).png
scramble,animate,bear_scr(15).png
scramble,animate,bear_scr(16).png
scramble,animate,bear_scr(17).png
scramble,animate,bear_scr(18).png
scramble,animate,bear_scr(19).png
scramble,animate,bear_scr(2).png
scramble,animate,bear_scr(20).png
scramble,animate,bear_scr(21).png
scramble,animate,bear_scr(22).png
scramble,animate,bear_scr(23).png
scramble,animate,bear_scr(24).png
scramble,animate,bear_scr(3).png
scramble,animate,bear_scr(4).png
scramble,animate,bear_scr(6).png
scramble,animate,bear_scr(7).png
scramble,animate,bear_scr(8).png
scramble,animate,bear_scr(9).png
scramble,animate,butterfly_scr(1).png
scramble,animate,butterfly_scr(11).png
scramble,animate,butterfly_scr(12).png
scramble,animate,butterfly_scr(13).png
scramble,animate,butterfly_scr(14).png
scramble,animate,butterfly_scr(15).png
scramble,animate,butterfly_scr(16).png
scramble,animate,butterfly_scr(18).png
scramble,animate,butterfly_scr(19).png
scramble,animate,butterfly_scr(2).png
scramble,animate,butterfly_scr(20).png
scramble,animate,butterfly_scr(21).png
scramble,animate,butterfly_scr(22).png
scramble,animate,butterfly_scr(23).png
scramble,animate,butterfly_scr(24).png
scramble,animate,butterfly_scr(25).png
scramble,animate,butterfly_scr(26).png
scramble,animate,butterfly_scr(28).png
scramble,animate,butterfly_scr(3).png
scramble,animate,butterfly_scr(30).png
scramble,animate,butterfly_scr(32).png
scramble,animate,butterfly_scr(33).png
scramble,animate,butterfly_scr(36).png
scramble,animate,butterfly_scr(38).png
scramble,animate,butterfly_scr(4).png
scramble,animate,butterfly_scr(6).png
scramble,animate,butterfly_scr(7).png
scramble,animate,butterfly_scr(8).png
scramble,animate,butterfly_scr(9).png
scramble,animate,cat_scr(1).png
scramble,animate,cat_scr(12).png
scramble,animate,cat_scr(14).png
scramble,animate,cat_scr(15).png
scramble,animate,cat_scr(16).png
scramble,animate,cat_scr(19).png
scramble,animate,cat_scr(2).png
scramble,animate,cat_scr(20).png
scramble,animate,cat_scr(26).png
scramble,animate,cat_scr(27).png
scramble,animate,cat_scr(28).png
scramble,animate,cat_scr(29).png
scramble,animate,cat_scr(3).png
scramble,animate,cat_scr(30).png
scramble,animate,cat_scr(32).png
scramble,animate,cat_scr(33).png
scramble,animate,cat_scr(34).png
scramble,animate,cat_scr(35).png
scramble,animate,cat_scr(36).png
scramble,animate,cat_scr(37).png
scramble,animate,cat_scr(38).png
scramble,animate,cat_scr(39).png
scramble,animate,cat_scr(4).png
scramble,animate,cat_scr(40).png
scramble,animate,cat_scr(42).png
scramble,animate,cat_scr(5).png
scramble,animate,cat_scr(6).png
scramble,animate,cat_scr(7).png
scramble,animate,cow_scr(1).png
scramble,animate,cow_scr(10).png
scramble,animate,cow_scr(11).png
scramble,animate,cow_scr(12).png
scramble,animate,cow_scr(13).png
scramble,animate,cow_scr(14).png
scramble,animate,cow_scr(15).png
scramble,animate,cow_scr(16).png
scramble,animate,cow_scr(17).png
scramble,animate,cow_scr(19).png
scramble,animate,cow_scr(2).png
scramble,animate,cow_scr(20).png
scramble,animate,cow_scr(21).png
scramble,animate,cow_scr(22).png
scramble,animate,cow_scr(23).png
scramble,animate,cow_scr(3).png
scramble,animate,cow_scr(5).png
scramble,animate,cow_scr(6).png
scramble,animate,cow_scr(7).png
scramble,animate,cow_scr(8).png
scramble,animate,cow_scr(9).png
scramble,animate,crocodile_scr(1).png
scramble,animate,crocodile_scr(10).png
scramble,animate,crocodile_scr(11).png
scramble,animate,crocodile_scr(12).png
scramble,animate,crocodile_scr(13).png
scramble,animate,crocodile_scr(14).png
scramble,animate,crocodile_scr(15).png
scramble,animate,crocodile_scr(16).png
scramble,animate,crocodile_scr(17).png
scramble,animate,crocodile_scr(18).png
scramble,animate,crocodile_scr(19).png
scramble,animate,crocodile_scr(2).png
scramble,animate,crocodile_scr(20).png
scramble,animate,crocodile_scr(21).png
scramble,animate,crocodile_scr(3).png
scramble,animate,crocodile_scr(4).png
scramble,animate,crocodile_scr(5).png
scramble,animate,crocodile_scr(6).png
scramble,animate,crocodile_scr(7).png
scramble,animate,crocodile_scr(8).png
scramble,animate,crocodile_scr(9).png
scramble,animate,dog_scr(1).png
scramble,animate,dog_scr(10).png
scramble,animate,dog_scr(11).png
scramble,animate,dog_scr(12).png
scramble,animate,dog_scr(13).png
scramble,animate,dog_scr(14).png
scramble,animate,dog_scr(15).png
scramble,animate,dog_scr(16).png
scramble,animate,dog_scr(17).png
scramble,animate,dog_scr(18).png
scramble,animate,dog_scr(19).png
scramble,animate,dog_scr(2).png
scramble,animate,dog_scr(20).png
scramble,animate,dog_scr(21).png
scramble,animate,dog_scr(22).png
scramble,animate,dog_scr(23).png
scramble,animate,dog_scr(24).png
scramble,animate,dog_scr(25).png
scramble,animate,dog_scr(3).png
scramble,animate,dog_scr(4).png
scramble,animate,dog_scr(5).png
scramble,animate,dog_scr(6).png
scramble,animate,dog_scr(7).png
scramble,animate,dog_scr(8).png
scramble,animate,dog_scr(9).png
scramble,animate,monkey_scr(1).png
scramble,animate,monkey_scr(11).png
scramble,animate,monkey_scr(12).png
scramble,animate,monkey_scr(13).png
scramble,animate,monkey_scr(14).png
scramble,animate,monkey_scr(15).png
scramble,animate,monkey_scr(17).png
scramble,animate,monkey_scr(18).png
scramble,animate,monkey_scr(19).png
scramble,animate,monkey_scr(2).png
scramble,animate,monkey_scr(20).png
scramble,animate,monkey_scr(21).png
scramble,animate,monkey_scr(22).png
scramble,animate,monkey_scr(3).png
scramble,animate,monkey_scr(4).png
scramble,animate,monkey_scr(5).png
scramble,animate,monkey_scr(7).png
scramble,animate,monkey_scr(9).png
scramble,animate,octopus_scr(1).png
scramble,animate,octopus_scr(10).png
scramble,animate,octopus_scr(11).png
scramble,animate,octopus_scr(13).png
scramble,animate,octopus_scr(14).png
scramble,animate,octopus_scr(15).png
scramble,animate,octopus_scr(16).png
scramble,animate,octopus_scr(17).png
scramble,animate,octopus_scr(18).png
scramble,animate,octopus_scr(19).png
scramble,animate,octopus_scr(2).png
scramble,animate,octopus_scr(20).png
scramble,animate,octopus_scr(22).png
scramble,animate,octopus_scr(23).png
scramble,animate,octopus_scr(24).png
scramble,animate,octopus_scr(25).png
scramble,animate,octopus_scr(26).png
scramble,animate,octopus_scr(27).png
scramble,animate,octopus_scr(28).png
scramble,animate,octopus_scr(29).png
scramble,animate,octopus_scr(3).png
scramble,animate,octopus_scr(30).png
scramble,animate,octopus_scr(31).png
scramble,animate,octopus_scr(4).png
scramble,animate,octopus_scr(5).png
scramble,animate,octopus_scr(6).png
scramble,animate,octopus_scr(7).png
scramble,animate,octopus_scr(8).png
scramble,animate,octopus_scr(9).png
scramble,animate,rabbit_scr(11).png
scramble,animate,rabbit_scr(12).png
scramble,animate,rabbit_scr(13).png
scramble,animate,rabbit_scr(14).png
scramble,animate,rabbit_scr(15).png
scramble,animate,rabbit_scr(16).png
scramble,animate,rabbit_scr(17).png
scramble,animate,rabbit_scr(18).png
scramble,animate,rabbit_scr(19).png
scramble,animate,rabbit_scr(2).png
scramble,animate,rabbit_scr(20).png
scramble,animate,rabbit_scr(21).png
scramble,animate,rabbit_scr(22).png
scramble,animate,rabbit_scr(23).png
scramble,animate,rabbit_scr(24).png
scramble,animate,rabbit_scr(25).png
scramble,animate,rabbit_scr(26).png
scramble,animate,rabbit_scr(27).png
scramble,animate,rabbit_scr(28).png
scramble,animate,rabbit_scr(31).png
scramble,animate,rabbit_scr(32).png
scramble,animate,rabbit_scr(33).png
scramble,animate,rabbit_scr(5).png
scramble,animate,rabbit_scr(7).png
scramble,animate,snail_scr(1).png
scramble,animate,snail_scr(10).png
scramble,animate,snail_scr(11).png
scramble,animate,snail_scr(12).png
scramble,animate,snail_scr(13).png
scramble,animate,snail_scr(14).png
scramble,animate,snail_scr(15).png
scramble,animate,snail_scr(16).png
scramble,animate,snail_scr(17).png
scramble,animate,snail_scr(18).png
scramble,animate,snail_scr(19).png
scramble,animate,snail_scr(2).png
scramble,animate,snail_scr(20).png
scramble,animate,snail_scr(21).png
scramble,animate,snail_scr(22).png
scramble,animate,snail_scr(23).png
scramble,animate,snail_scr(24).png
scramble,animate,snail_scr(25).png
scramble,animate,snail_scr(26).png
scramble,animate,snail_scr(27).png
scramble,animate,snail_scr(28).png
scramble,animate,snail_scr(29).png
scramble,animate,snail_scr(3).png
scramble,animate,snail_scr(4).png
scramble,animate,snail_scr(5).png
scramble,animate,snail_scr(6).png
scramble,animate,snail_scr(7).png
scramble,animate,snail_scr(8).png
scramble,animate,snail_scr(9).png
scramble,animate,turtle_scr(1).png
scramble,animate,turtle_scr(10).png
scramble,animate,turtle_scr(12).png
scramble,animate,turtle_scr(13).png
scramble,animate,turtle_scr(14).png
scramble,animate,turtle_scr(15).png
scramble,animate,turtle_scr(16).png
scramble,animate,turtle_scr(17).png
scramble,animate,turtle_scr(18).png
scramble,animate,turtle_scr(19).png
scramble,animate,turtle_scr(2).png
scramble,animate,turtle_scr(20).png
scramble,animate,turtle_scr(21).png
scramble,animate,turtle_scr(22).png
scramble,animate,turtle_scr(23).png
scramble,animate,turtle_scr(24).png
scramble,animate,turtle_scr(25).png
scramble,animate,turtle_scr(26).png
scramble,animate,turtle_scr(27).png
scramble,animate,turtle_scr(28).png
scramble,animate,turtle_scr(29).png
scramble,animate,turtle_scr(3).png
scramble,animate,turtle_scr(30).png
scramble,animate,turtle_scr(31).png
scramble,animate,turtle_scr(32).png
scramble,animate,turtle_scr(33).png
scramble,animate,turtle_scr(34).png
scramble,animate,turtle_scr(35).png
scramble,animate,turtle_scr(36).png
scramble,animate,turtle_scr(37).png
scramble,animate,turtle_scr(4).png
scramble,animate,turtle_scr(5).png
scramble,animate,turtle_scr(6).png
scramble,animate,turtle_scr(7).png
scramble,animate,turtle_scr(8).png
scramble,animate,turtle_scr(9).png
scramble,inanimate_artificial,airplane_scr(11).png
scramble,inanimate_artificial,airplane_scr(12).png
scramble,inanimate_artificial,airplane_scr(14).png
scramble,inanimate_artificial,airplane_scr(16).png
scramble,inanimate_artificial,airplane_scr(19).png
scramble,inanimate_artificial,airplane_scr(2).png
scramble,inanimate_artificial,airplane_scr(20).png
scramble,inanimate_artificial,airplane_scr(22).png
scramble,inanimate_artificial,airplane_scr(24).png
scramble,inanimate_artificial,airplane_scr(27).png
scramble,inanimate_artificial,airplane_scr(3).png
scramble,inanimate_artificial,airplane_scr(30).png
scramble,inanimate_artificial,airplane_scr(34).png
scramble,inanimate_artificial,airplane_scr(36).png
scramble,inanimate_artificial,airplane_scr(38).png
scramble,inanimate_artificial,airplane_scr(4).png
scramble,inanimate_artificial,airplane_scr(41).png
scramble,inanimate_artificial,airplane_scr(47).png
scramble,inanimate_artificial,airplane_scr(7).png
scramble,inanimate_artificial,bag_scr(1).png
scramble,inanimate_artificial,bag_scr(10).png
scramble,inanimate_artificial,bag_scr(11).png
scramble,inanimate_artificial,bag_scr(12).png
scramble,inanimate_artificial,bag_scr(13).png
scramble,inanimate_artificial,bag_scr(14).png
scramble,inanimate_artificial,bag_scr(15).png
scramble,inanimate_artificial,bag_scr(17).png
scramble,inanimate_artificial,bag_scr(18).png
scramble,inanimate_artificial,bag_scr(19).png
scramble,inanimate_artificial,bag_scr(20).png
scramble,inanimate_artificial,bag_scr(22).png
scramble,inanimate_artificial,bag_scr(23).png
scramble,inanimate_artificial,bag_scr(24).png
scramble,inanimate_artificial,bag_scr(27).png
scramble,inanimate_artificial,bag_scr(28).png
scramble,inanimate_artificial,bag_scr(3).png
scramble,inanimate_artificial,bag_scr(5).png
scramble,inanimate_artificial,bag_scr(6).png
scramble,inanimate_artificial,bag_scr(7).png
scramble,inanimate_artificial,bag_scr(9).png
scramble,inanimate_artificial,binoculars_scr(14).png
scramble,inanimate_artificial,binoculars_scr(18).png
scramble,inanimate_artificial,binoculars_scr(19).png
scramble,inanimate_artificial,binoculars_scr(24).png
scramble,inanimate_artificial,binoculars_scr(3).png
scramble,inanimate_artificial,binoculars_scr(30).png
scramble,inanimate_artificial,binoculars_scr(31).png
scramble,inanimate_artificial,binoculars_scr(45).png
scramble,inanimate_artificial,binoculars_scr(5).png
scramble,inanimate_artificial,binoculars_scr(7).png
scramble,inanimate_artificial,binoculars_scr(8).png
scramble,inanimate_artificial,boat_scr(1).png
scramble,inanimate_artificial,boat_scr(10).png
scramble,inanimate_artificial,boat_scr(11).png
scramble,inanimate_artificial,boat_scr(12).png
scramble,inanimate_artificial,boat_scr(13).png
scramble,inanimate_artificial,boat_scr(14).png
scramble,inanimate_artificial,boat_scr(15).png
scramble,inanimate_artificial,boat_scr(16).png
scramble,inanimate_artificial,boat_scr(18).png
scramble,inanimate_artificial,boat_scr(2).png
scramble,inanimate_artificial,boat_scr(20).png
scramble,inanimate_artificial,boat_scr(22).png
scramble,inanimate_artificial,boat_scr(23).png
scramble,inanimate_artificial,boat_scr(24).png
scramble,inanimate_artificial,boat_scr(3).png
scramble,inanimate_artificial,boat_scr(4).png
scramble,inanimate_artificial,boat_scr(7).png
scramble,inanimate_artificial,boat_scr(8).png
scramble,inanimate_artificial,boat_scr(9).png
scramble,inanimate_artificial,car_scr(10).png
scramble,inanimate_artificial,car_scr(12).png
scramble,inanimate_artificial,car_scr(13).png
scramble,inanimate_artificial,car_scr(16).png
scramble,inanimate_artificial,car_scr(17).png
scramble,inanimate_artificial,car_scr(18).png
scramble,inanimate_artificial,car_scr(19).png
scramble,inanimate_artificial,car_scr(2).png
scramble,inanimate_artificial,car_scr(20).png
scramble,inanimate_artificial,car_scr(24).png
scramble,inanimate_artificial,car_scr(25).png
scramble,inanimate_artificial,car_scr(26).png
scramble,inanimate_artificial,car_scr(27).png
scramble,inanimate_artificial,car_scr(29).png
scramble,inanimate_artificial,car_scr(3).png
scramble,inanimate_artificial,car_scr(31).png
scramble,inanimate_artificial,car_scr(32).png
scramble,inanimate_artificial,car_scr(34).png
scramble,inanimate_artificial,car_scr(36).png
scramble,inanimate_artificial,car_scr(37).png
scramble,inanimate_artificial,car_scr(6).png
scramble,inanimate_artificial,car_scr(7).png
scramble,inanimate_artificial,car_scr(8).png
scramble,inanimate_artificial,car_scr(9).png
scramble,inanimate_artificial,cup_scr(1).png
scramble,inanimate_artificial,cup_scr(10).png
scramble,inanimate_artificial,cup_scr(11).png
scramble,inanimate_artificial,cup_scr(13).png
scramble,inanimate_artificial,cup_scr(15).png
scramble,inanimate_artificial,cup_scr(17).png
scramble,inanimate_artificial,cup_scr(18).png
scramble,inanimate_artificial,cup_scr(19).png
scramble,inanimate_artificial,cup_scr(21).png
scramble,inanimate_artificial,cup_scr(22).png
scramble,inanimate_artificial,cup_scr(23).png
scramble,inanimate_artificial,cup_scr(24).png
scramble,inanimate_artificial,cup_scr(25).png
scramble,inanimate_artificial,cup_scr(26).png
scramble,inanimate_artificial,cup_scr(27).png
scramble,inanimate_artificial,cup_scr(28).png
scramble,inanimate_artificial,cup_scr(5).png
scramble,inanimate_artificial,cup_scr(6).png
scramble,inanimate_artificial,cup_scr(7).png
scramble,inanimate_artificial,cup_scr(8).png
scramble,inanimate_artificial,house_scr(1).png
scramble,inanimate_artificial,house_scr(14).png
scramble,inanimate_artificial,house_scr(15).png
scramble,inanimate_artificial,house_scr(16).png
scramble,inanimate_artificial,house_scr(17).png
scramble,inanimate_artificial,house_scr(19).png
scramble,inanimate_artificial,house_scr(2).png
scramble,inanimate_artificial,house_scr(20).png
scramble,inanimate_artificial,house_scr(22).png
scramble,inanimate_artificial,house_scr(24).png
scramble,inanimate_artificial,house_scr(27).png
scramble,inanimate_artificial,house_scr(28).png
scramble,inanimate_artificial,house_scr(29).png
scramble,inanimate_artificial,house_scr(3).png
scramble,inanimate_artificial,house_scr(4).png
scramble,inanimate_artificial,house_scr(5).png
scramble,inanimate_artificial,house_scr(6).png
scramble,inanimate_artificial,house_scr(7).png
scramble,inanimate_artificial,house_scr(8).png
scramble,inanimate_artificial,house_scr(9).png
scramble,inanimate_artificial,lawnmower_scr(10).png
scramble,inanimate_artificial,lawnmower_scr(11).png
scramble,inanimate_artificial,lawnmower_scr(19).png
scramble,inanimate_artificial,lawnmower_scr(2).png
scramble,inanimate_artificial,lawnmower_scr(22).png
scramble,inanimate_artificial,lawnmower_scr(25).png
scramble,inanimate_artificial,lawnmower_scr(27).png
scramble,inanimate_artificial,lawnmower_scr(28).png
scramble,inanimate_artificial,lawnmower_scr(30).png
scramble,inanimate_artificial,lawnmower_scr(32).png
scramble,inanimate_artificial,lawnmower_scr(33).png
scramble,inanimate_artificial,lawnmower_scr(34).png
scramble,inanimate_artificial,lawnmower_scr(36).png
scramble,inanimate_artificial,lawnmower_scr(37).png
scramble,inanimate_artificial,lawnmower_scr(5).png
scramble,inanimate_artificial,lawnmower_scr(6).png
scramble,inanimate_artificial,teapot_scr(1).png
scramble,inanimate_artificial,teapot_scr(10).png
scramble,inanimate_artificial,teapot_scr(11).png
scramble,inanimate_artificial,teapot_scr(12).png
scramble,inanimate_artificial,teapot_scr(13).png
scramble,inanimate_artificial,teapot_scr(14).png
scramble,inanimate_artificial,teapot_scr(15).png
scramble,inanimate_artificial,teapot_scr(16).png
scramble,inanimate_artificial,teapot_scr(17).png
scramble,inanimate_artificial,teapot_scr(18).png
scramble,inanimate_artificial,teapot_scr(19).png
scramble,inanimate_artificial,teapot_scr(2).png
scramble,inanimate_artificial,teapot_scr(20).png
scramble,inanimate_artificial,teapot_scr(21).png
scramble,inanimate_artificial,teapot_scr(22).png
scramble,inanimate_artificial,teapot_scr(23).png
scramble,inanimate_artificial,teapot_scr(24).png
scramble,inanimate_artificial,teapot_scr(3).png
scramble,inanimate_artificial,teapot_scr(4).png
scramble,inanimate_artificial,teapot_scr(5).png
scramble,inanimate_artificial,teapot_scr(6).png
scramble,inanimate_artificial,teapot_scr(7).png
scramble,inanimate_artificial,teapot_scr(8).png
scramble,inanimate_artificial,teapot_scr(9).png
scramble,inanimate_artificial,train_scr(1).png
scramble,inanimate_artificial,train_scr(10).png
scramble,inanimate_artificial,train_scr(11).png
scramble,inanimate_artificial,train_scr(12).png
scramble,inanimate_artificial,train_scr(13).png
scramble,inanimate_artificial,train_scr(14).png
scramble,inanimate_artificial,train_scr(15).png
scramble,inanimate_artificial,train_scr(16).png
scramble,inanimate_artificial,train_scr(2).png
scramble,inanimate_artificial,train_scr(20).png
scramble,inanimate_artificial,train_scr(21).png
scramble,inanimate_artificial,train_scr(23).png
scramble,inanimate_artificial,train_scr(26).png
scramble,inanimate_artificial,train_scr(29).png
scramble,inanimate_artificial,train_scr(30).png
scramble,inanimate_artificial,train_scr(31).png
scramble,inanimate_artificial,train_scr(4).png
scramble,inanimate_artificial,train_scr(5).png
scramble,inanimate_artificial,train_scr(6).png
scramble,inanimate_artificial,train_scr(7).png
scramble,inanimate_artificial,train_scr(8).png
scramble,inanimate_artificial,wristwatch_scr(1).png
scramble,inanimate_artificial,wristwatch_scr(12).png
scramble,inanimate_artificial,wristwatch_scr(13).png
scramble,inanimate_artificial,wristwatch_scr(14).png
scramble,inanimate_artificial,wristwatch_scr(15).png
scramble,inanimate_artificial,wristwatch_scr(16).png
scramble,inanimate_artificial,wristwatch_scr(19).png
scramble,inanimate_artificial,wristwatch_scr(21).png
scramble,inanimate_artificial,wristwatch_scr(22).png
scramble,inanimate_artificial,wristwatch_scr(23).png
scramble,inanimate_artificial,wristwatch_scr(3).png
scramble,inanimate_artificial,wristwatch_scr(4).png
scramble,inanimate_artificial,wristwatch_scr(6).png
scramble,inanimate_artificial,wristwatch_scr(7).png
scramble,inanimate_artificial,wristwatch_scr(8).png
scramble,inanimate_artificial,wristwatch_scr(9).png
scramble,inanimate_natural,apple_scr(1).png
scramble,inanimate_natural,apple_scr(10).png
scramble,inanimate_natural,apple_scr(11).png
scramble,inanimate_natural,apple_scr(12).png
scramble,inanimate_natural,apple_scr(13).png
scramble,inanimate_natural,apple_scr(14).png
scramble,inanimate_natural,apple_scr(15).png
scramble,inanimate_natural,apple_scr(16).png
scramble,inanimate_natural,apple_scr(17).png
scramble,inanimate_natural,apple_scr(19).png
scramble,inanimate_natural,apple_scr(2).png
scramble,inanimate_natural,apple_scr(21).png
scramble,inanimate_natural,apple_scr(22).png
scramble,inanimate_natural,apple_scr(23).png
scramble,inanimate_natural,apple_scr(24).png
scramble,inanimate_natural,apple_scr(25).png
scramble,inanimate_natural,apple_scr(26).png
scramble,inanimate_natural,apple_scr(27).png
scramble,inanimate_natural,apple_scr(28).png
scramble,inanimate_natural,apple_scr(3).png
scramble,inanimate_natural,apple_scr(5).png
scramble,inanimate_natural,apple_scr(6).png
scramble,inanimate_natural,apple_scr(7).png
scramble,inanimate_natural,apple_scr(8).png
scramble,inanimate_natural,apple_scr(9).png
scramble,inanimate_natural,avocado_scr(1).png
scramble,inanimate_natural,avocado_scr(10).png
scramble,inanimate_natural,avocado_scr(11).png
scramble,inanimate_natural,avocado_scr(12).png
scramble,inanimate_natural,avocado_scr(13).png
scramble,inanimate_natural,avocado_scr(14).png
scramble,inanimate_natural,avocado_scr(15).png
scramble,inanimate_natural,avocado_scr(16).png
scramble,inanimate_natural,avocado_scr(17).png
scramble,inanimate_natural,avocado_scr(18).png
scramble,inanimate_natural,avocado_scr(19).png
scramble,inanimate_natural,avocado_scr(2).png
scramble,inanimate_natural,avocado_scr(20).png
scramble,inanimate_natural,avocado_scr(21).png
scramble,inanimate_natural,avocado_scr(22).png
scramble,inanimate_natural,avocado_scr(3).png
scramble,inanimate_natural,avocado_scr(4).png
scramble,inanimate_natural,avocado_scr(5).png
scramble,inanimate_natural,avocado_scr(6).png
scramble,inanimate_natural,avocado_scr(7).png
scramble,inanimate_natural,avocado_scr(8).png
scramble,inanimate_natural,avocado_scr(9).png
scramble,inanimate_natural,bread_scr(1).png
scramble,inanimate_natural,bread_scr(10).png
scramble,inanimate_natural,bread_scr(12).png
scramble,inanimate_natural,bread_scr(13).png
scramble,inanimate_natural,bread_scr(15).png
scramble,inanimate_natural,bread_scr(17).png
scramble,inanimate_natural,bread_scr(2).png
scramble,inanimate_natural,bread_scr(24).png
scramble,inanimate_natural,bread_scr(25).png
scramble,inanimate_natural,bread_scr(26).png
scramble,inanimate_natural,bread_scr(27).png
scramble,inanimate_natural,bread_scr(28).png
scramble,inanimate_natural,bread_scr(29).png
scramble,inanimate_natural,bread_scr(3).png
scramble,inanimate_natural,bread_scr(30).png
scramble,inanimate_natural,bread_scr(31).png
scramble,inanimate_natural,bread_scr(32).png
scramble,inanimate_natural,bread_scr(33).png
scramble,inanimate_natural,bread_scr(34).png
scramble,inanimate_natural,bread_scr(35).png
scramble,inanimate_natural,bread_scr(37).png
scramble,inanimate_natural,bread_scr(38).png
scramble,inanimate_natural,bread_scr(39).png
scramble,inanimate_natural,bread_scr(40).png
scramble,inanimate_natural,bread_scr(44).png
scramble,inanimate_natural,bread_scr(45).png
scramble,inanimate_natural,bread_scr(46).png
scramble,inanimate_natural,bread_scr(47).png
scramble,inanimate_natural,bread_scr(5).png
scramble,inanimate_natural,bread_scr(50).png
scramble,inanimate_natural,bread_scr(7).png
scramble,inanimate_natural,bread_scr(8).png
scramble,inanimate_natural,bread_scr(9).png
scramble,inanimate_natural,cabbage_scr(1).png
scramble,inanimate_natural,cabbage_scr(10).png
scramble,inanimate_natural,cabbage_scr(11).png
scramble,inanimate_natural,cabbage_scr(12).png
scramble,inanimate_natural,cabbage_scr(13).png
scramble,inanimate_natural,cabbage_scr(14).png
scramble,inanimate_natural,cabbage_scr(15).png
scramble,inanimate_natural,cabbage_scr(16).png
scramble,inanimate_natural,cabbage_scr(17).png
scramble,inanimate_natural,cabbage_scr(19).png
scramble,inanimate_natural,cabbage_scr(2).png
scramble,inanimate_natural,cabbage_scr(20).png
scramble,inanimate_natural,cabbage_scr(21).png
scramble,inanimate_natural,cabbage_scr(23).png
scramble,inanimate_natural,cabbage_scr(24).png
scramble,inanimate_natural,cabbage_scr(3).png
scramble,inanimate_natural,cabbage_scr(5).png
scramble,inanimate_natural,cabbage_scr(6).png
scramble,inanimate_natural,cabbage_scr(7).png
scramble,inanimate_natural,cabbage_scr(8).png
scramble,inanimate_natural,cactus_scr(1).png
scramble,inanimate_natural,cactus_scr(10).png
scramble,inanimate_natural,cactus_scr(11).png
scramble,inanimate_natural,cactus_scr(13).png
scramble,inanimate_natural,cactus_scr(17).png
scramble,inanimate_natural,cactus_scr(19).png
scramble,inanimate_natural,cactus_scr(2).png
scramble,inanimate_natural,cactus_scr(22).png
scramble,inanimate_natural,cactus_scr(23).png
scramble,inanimate_natural,cactus_scr(24).png
scramble,inanimate_natural,cactus_scr(25).png
scramble,inanimate_natural,cactus_scr(27).png
scramble,inanimate_natural,cactus_scr(29).png
scramble,inanimate_natural,cactus_scr(3).png
scramble,inanimate_natural,cactus_scr(32).png
scramble,inanimate_natural,cactus_scr(4).png
scramble,inanimate_natural,cactus_scr(5).png
scramble,inanimate_natural,cactus_scr(6).png
scramble,inanimate_natural,cactus_scr(7).png
scramble,inanimate_natural,cactus_scr(8).png
scramble,inanimate_natural,corn_scr(1).png
scramble,inanimate_natural,corn_scr(10).png
scramble,inanimate_natural,corn_scr(11).png
scramble,inanimate_natural,corn_scr(12).png
scramble,inanimate_natural,corn_scr(13).png
scramble,inanimate_natural,corn_scr(14).png
scramble,inanimate_natural,corn_scr(16).png
scramble,inanimate_natural,corn_scr(17).png
scramble,inanimate_natural,corn_scr(18).png
scramble,inanimate_natural,corn_scr(19).png
scramble,inanimate_natural,corn_scr(2).png
scramble,inanimate_natural,corn_scr(20).png
scramble,inanimate_natural,corn_scr(3).png
scramble,inanimate_natural,corn_scr(4).png
scramble,inanimate_natural,corn_scr(5).png
scramble,inanimate_natural,corn_scr(6).png
scramble,inanimate_natural,corn_scr(7).png
scramble,inanimate_natural,corn_scr(8).png
scramble,inanimate_natural,corn_scr(9).png
scramble,inanimate_natural,lime_scr(1).png
scramble,inanimate_natural,lime_scr(10).png
scramble,inanimate_natural,lime_scr(11).png
scramble,inanimate_natural,lime_scr(12).png
scramble,inanimate_natural,lime_scr(13).png
scramble,inanimate_natural,lime_scr(14).png
scramble,inanimate_natural,lime_scr(15).png
scramble,inanimate_natural,lime_scr(16).png
scramble,inanimate_natural,lime_scr(17).png
scramble,inanimate_natural,lime_scr(18).png
scramble,inanimate_natural,lime_scr(19).png
scramble,inanimate_natural,lime_scr(2).png
scramble,inanimate_natural,lime_scr(20).png
scramble,inanimate_natural,lime_scr(21).png
scramble,inanimate_natural,lime_scr(22).png
scramble,inanimate_natural,lime_scr(23).png
scramble,inanimate_natural,lime_scr(24).png
scramble,inanimate_natural,lime_scr(3).png
scramble,inanimate_natural,lime_scr(4).png
scramble,inanimate_natural,lime_scr(5).png
scramble,inanimate_natural,lime_scr(6).png
scramble,inanimate_natural,lime_scr(7).png
scramble,inanimate_natural,lime_scr(8).png
scramble,inanimate_natural,lime_scr(9).png
scramble,inanimate_natural,mushroom_scr(1).png
scramble,inanimate_natural,mushroom_scr(10).png
scramble,inanimate_natural,mushroom_scr(11).png
scramble,inanimate_natural,mushroom_scr(13).png
scramble,inanimate_natural,mushroom_scr(14).png
scramble,inanimate_natural,mushroom_scr(15).png
scramble,inanimate_natural,mushroom_scr(18).png
scramble,inanimate_natural,mushroom_scr(19).png
scramble,inanimate_natural,mushroom_scr(20).png
scramble,inanimate_natural,mushroom_scr(21).png
scramble,inanimate_natural,mushroom_scr(22).png
scramble,inanimate_natural,mushroom_scr(24).png
scramble,inanimate_natural,mushroom_scr(29).png
scramble,inanimate_natural,mushroom_scr(3).png
scramble,inanimate_natural,mushroom_scr(4).png
scramble,inanimate_natural,mushroom_scr(5).png
scramble,inanimate_natural,mushroom_scr(6).png
scramble,inanimate_natural,mushroom_scr(7).png
scramble,inanimate_natural,mushroom_scr(9).png
scramble,inanimate_natural,pineapple_scr(1).png
scramble,inanimate_natural,pineapple_scr(10).png
scramble,inanimate_natural,pineapple_scr(11).png
scramble,inanimate_natural,pineapple_scr(12).png
scramble,inanimate_natural,pineapple_scr(13).png
scramble,inanimate_natural,pineapple_scr(14).png
scramble,inanimate_natural,pineapple_scr(16).png
scramble,inanimate_natural,pineapple_scr(17).png
scramble,inanimate_natural,pineapple_scr(18).png
scramble,inanimate_natural,pineapple_scr(19).png
scramble,inanimate_natural,pineapple_scr(2).png
scramble,inanimate_natural,pineapple_scr(20).png
scramble,inanimate_natural,pineapple_scr(21).png
scramble,inanimate_natural,pineapple_scr(22).png
scramble,inanimate_natural,pineapple_scr(24).png
scramble,inanimate_natural,pineapple_scr(25).png
scramble,inanimate_natural,pineapple_scr(26).png
scramble,inanimate_natural,pineapple_scr(3).png
scramble,inanimate_natural,pineapple_scr(4).png
scramble,inanimate_natural,pineapple_scr(5).png
scramble,inanimate_natural,pineapple_scr(6).png
scramble,inanimate_natural,pineapple_scr(7).png
scramble,inanimate_natural,pineapple_scr(8).png
scramble,inanimate_natural,pineapple_scr(9).png
scramble,inanimate_natural,pumpkin_scr(1).png
scramble,inanimate_natural,pumpkin_scr(10).png
scramble,inanimate_natural,pumpkin_scr(11).png
scramble,inanimate_natural,pumpkin_scr(12).png
scramble,inanimate_natural,pumpkin_scr(13).png
scramble,inanimate_natural,pumpkin_scr(14).png
scramble,inanimate_natural,pumpkin_scr(15).png
scramble,inanimate_natural,pumpkin_scr(16).png
scramble,inanimate_natural,pumpkin_scr(17).png
scramble,inanimate_natural,pumpkin_scr(18).png
scramble,inanimate_natural,pumpkin_scr(19).png
scramble,inanimate_natural,pumpkin_scr(2).png
scramble,inanimate_natural,pumpkin_scr(20).png
scramble,inanimate_natural,pumpkin_scr(21).png
scramble,inanimate_natural,pumpkin_scr(22).png
scramble,inanimate_natural,pumpkin_scr(3).png
scramble,inanimate_natural,pumpkin_scr(4).png
scramble,inanimate_natural,pumpkin_scr(5).png
scramble,inanimate_natural,pumpkin_scr(6).png
scramble,inanimate_natural,pumpkin_scr(7).png
scramble,inanimate_natural,pumpkin_scr(8).png
scramble,inanimate_natural,pumpkin_scr(9).png
scramble,inanimate_natural,tree_scr(1).png
scramble,inanimate_natural,tree_scr(10).png
scramble,inanimate_natural,tree_scr(11).png
scramble,inanimate_natural,tree_scr(12).png
scramble,inanimate_natural,tree_scr(13).png
scramble,inanimate_natural,tree_scr(14).png
scramble,inanimate_natural,tree_scr(15).png
scramble,inanimate_natural,tree_scr(16).png
scramble,inanimate_natural,tree_scr(17).png
scramble,inanimate_natural,tree_scr(18).png
scramble,inanimate_natural,tree_scr(19).png
scramble,inanimate_natural,tree_scr(2).png
scramble,inanimate_natural,tree_scr(20).png
scramble,inanimate_natural,tree_scr(21).png
scramble,inanimate_natural,tree_scr(22).png
scramble,inanimate_natural,tree_scr(23).png
scramble,inanimate_natural,tree_scr(24).png
scramble,inanimate_natural,tree_scr(3).png
scramble,inanimate_natural,tree_scr(4).png
scramble,inanimate_natural,tree_scr(5).png
scramble,inanimate_natural,tree_scr(6).png
scramble,inanimate_natural,tree_scr(7).png
scramble,inanimate_natural,tree_scr(8).png
scramble,inanimate_natural,tree_scr(9).png